java.lang.ClassLoader	MMMMM	00002	00053	00	00	クラス名	java.lang.ClassLoader
java.lang.ClassLoader	MMMMM	00002	00053	01	00	アクセス修飾子	public
java.lang.ClassLoader	MMMMM	00002	00053	02	00	戻り値の型	java.lang.String
java.lang.ClassLoader	MMMMM	00002	00053	03	00	メソッド名	toString
java.lang.ClassLoader	MMMMM	00002	00053	04	00	可変長引数があるか	false
java.lang.ClassLoader	MMMMM	00002	00053	05	00	引数の個数	0
java.lang.ClassLoader	MMMMM	00002	00053	06	00	型パラメータリスト	
java.lang.ClassLoader	MMMMM	00002	00053	07	00	型パラメータ記号リスト	
java.lang.ClassLoader	MMMMM	00002	00053	08	00	引数の型リスト	
java.lang.ClassLoader	MMMMM	00002	00053	09	00	仮引数の変数名リスト	
java.lang.ClassLoader	MMMMM	00002	00054	00	00	クラス名	java.lang.ClassLoader
java.lang.ClassLoader	MMMMM	00002	00054	01	00	アクセス修飾子	public static
java.lang.ClassLoader	MMMMM	00002	00054	02	00	戻り値の型	java.io.InputStream
java.lang.ClassLoader	MMMMM	00002	00054	03	00	メソッド名	getSystemResourceAsStream
java.lang.ClassLoader	MMMMM	00002	00054	04	00	可変長引数があるか	false
java.lang.ClassLoader	MMMMM	00002	00054	05	00	引数の個数	1
java.lang.ClassLoader	MMMMM	00002	00054	06	00	型パラメータリスト	
java.lang.ClassLoader	MMMMM	00002	00054	07	00	型パラメータ記号リスト	
java.lang.ClassLoader	MMMMM	00002	00054	08	00	引数の型リスト	java.lang.String
java.lang.ClassLoader	MMMMM	00002	00054	09	00	仮引数の変数名リスト	arg0
java.lang.ClassLoader	MMMMM	00002	00055	00	00	クラス名	java.lang.ClassLoader
java.lang.ClassLoader	MMMMM	00002	00055	01	00	アクセス修飾子	public
java.lang.ClassLoader	MMMMM	00002	00055	02	00	戻り値の型	java.lang.Class<?>
java.lang.ClassLoader	MMMMM	00002	00055	03	00	メソッド名	loadClass
java.lang.ClassLoader	MMMMM	00002	00055	04	00	可変長引数があるか	false
java.lang.ClassLoader	MMMMM	00002	00055	05	00	引数の個数	1
java.lang.ClassLoader	MMMMM	00002	00055	06	00	型パラメータリスト	
java.lang.ClassLoader	MMMMM	00002	00055	07	00	型パラメータ記号リスト	
java.lang.ClassLoader	MMMMM	00002	00055	08	00	引数の型リスト	java.lang.String
java.lang.ClassLoader	MMMMM	00002	00055	09	00	仮引数の変数名リスト	arg0
java.lang.ClassLoader	MMMMM	00002	00056	00	00	クラス名	java.lang.ClassLoader
java.lang.ClassLoader	MMMMM	00002	00056	01	00	アクセス修飾子	public
java.lang.ClassLoader	MMMMM	00002	00056	02	00	戻り値の型	boolean
java.lang.ClassLoader	MMMMM	00002	00056	03	00	メソッド名	equals
java.lang.ClassLoader	MMMMM	00002	00056	04	00	可変長引数があるか	false
java.lang.ClassLoader	MMMMM	00002	00056	05	00	引数の個数	1
java.lang.ClassLoader	MMMMM	00002	00056	06	00	型パラメータリスト	
java.lang.ClassLoader	MMMMM	00002	00056	07	00	型パラメータ記号リスト	
java.lang.ClassLoader	MMMMM	00002	00056	08	00	引数の型リスト	java.lang.Object
java.lang.ClassLoader	MMMMM	00002	00056	09	00	仮引数の変数名リスト	arg0
java.lang.ClassLoader	MMMMM	00002	00057	00	00	クラス名	java.lang.ClassLoader
java.lang.ClassLoader	MMMMM	00002	00057	01	00	アクセス修飾子	public static
java.lang.ClassLoader	MMMMM	00002	00057	02	00	戻り値の型	java.net.URL
java.lang.ClassLoader	MMMMM	00002	00057	03	00	メソッド名	getSystemResource
java.lang.ClassLoader	MMMMM	00002	00057	04	00	可変長引数があるか	false
java.lang.ClassLoader	MMMMM	00002	00057	05	00	引数の個数	1
java.lang.ClassLoader	MMMMM	00002	00057	06	00	型パラメータリスト	
java.lang.ClassLoader	MMMMM	00002	00057	07	00	型パラメータ記号リスト	
java.lang.ClassLoader	MMMMM	00002	00057	08	00	引数の型リスト	java.lang.String
java.lang.ClassLoader	MMMMM	00002	00057	09	00	仮引数の変数名リスト	arg0
java.lang.ClassLoader	MMMMM	00002	00058	00	00	クラス名	java.lang.ClassLoader
java.lang.ClassLoader	MMMMM	00002	00058	01	00	アクセス修飾子	public static
java.lang.ClassLoader	MMMMM	00002	00058	02	00	戻り値の型	java.lang.ClassLoader
java.lang.ClassLoader	MMMMM	00002	00058	03	00	メソッド名	getSystemClassLoader
java.lang.ClassLoader	MMMMM	00002	00058	04	00	可変長引数があるか	false
java.lang.ClassLoader	MMMMM	00002	00058	05	00	引数の個数	0
java.lang.ClassLoader	MMMMM	00002	00058	06	00	型パラメータリスト	
java.lang.ClassLoader	MMMMM	00002	00058	07	00	型パラメータ記号リスト	
java.lang.ClassLoader	MMMMM	00002	00058	08	00	引数の型リスト	
java.lang.ClassLoader	MMMMM	00002	00058	09	00	仮引数の変数名リスト	
java.lang.ClassLoader	MMMMM	00002	00059	00	00	クラス名	java.lang.ClassLoader
java.lang.ClassLoader	MMMMM	00002	00059	01	00	アクセス修飾子	public
java.lang.ClassLoader	MMMMM	00002	00059	02	00	戻り値の型	java.util.stream.Stream<java.net.URL>
java.lang.ClassLoader	MMMMM	00002	00059	03	00	メソッド名	resources
java.lang.ClassLoader	MMMMM	00002	00059	04	00	可変長引数があるか	false
java.lang.ClassLoader	MMMMM	00002	00059	05	00	引数の個数	1
java.lang.ClassLoader	MMMMM	00002	00059	06	00	型パラメータリスト	
java.lang.ClassLoader	MMMMM	00002	00059	07	00	型パラメータ記号リスト	
java.lang.ClassLoader	MMMMM	00002	00059	08	00	引数の型リスト	java.lang.String
java.lang.ClassLoader	MMMMM	00002	00059	09	00	仮引数の変数名リスト	arg0
java.lang.ClassLoader	MMMMM	00002	00060	00	00	クラス名	java.lang.ClassLoader
java.lang.ClassLoader	MMMMM	00002	00060	01	00	アクセス修飾子	public static
java.lang.ClassLoader	MMMMM	00002	00060	02	00	戻り値の型	java.lang.ClassLoader
java.lang.ClassLoader	MMMMM	00002	00060	03	00	メソッド名	getPlatformClassLoader
java.lang.ClassLoader	MMMMM	00002	00060	04	00	可変長引数があるか	false
java.lang.ClassLoader	MMMMM	00002	00060	05	00	引数の個数	0
java.lang.ClassLoader	MMMMM	00002	00060	06	00	型パラメータリスト	
java.lang.ClassLoader	MMMMM	00002	00060	07	00	型パラメータ記号リスト	
java.lang.ClassLoader	MMMMM	00002	00060	08	00	引数の型リスト	
java.lang.ClassLoader	MMMMM	00002	00060	09	00	仮引数の変数名リスト	
java.lang.ClassLoader	MMMMM	00002	00061	00	00	クラス名	java.lang.ClassLoader
java.lang.ClassLoader	MMMMM	00002	00061	01	00	アクセス修飾子	public final
java.lang.ClassLoader	MMMMM	00002	00061	02	00	戻り値の型	java.lang.ClassLoader
java.lang.ClassLoader	MMMMM	00002	00061	03	00	メソッド名	getParent
java.lang.ClassLoader	MMMMM	00002	00061	04	00	可変長引数があるか	false
java.lang.ClassLoader	MMMMM	00002	00061	05	00	引数の個数	0
java.lang.ClassLoader	MMMMM	00002	00061	06	00	型パラメータリスト	
java.lang.ClassLoader	MMMMM	00002	00061	07	00	型パラメータ記号リスト	
java.lang.ClassLoader	MMMMM	00002	00061	08	00	引数の型リスト	
java.lang.ClassLoader	MMMMM	00002	00061	09	00	仮引数の変数名リスト	
java.lang.ClassLoader	MMMMM	00002	00062	00	00	クラス名	java.lang.ClassLoader
java.lang.ClassLoader	MMMMM	00002	00062	01	00	アクセス修飾子	public static
java.lang.ClassLoader	MMMMM	00002	00062	02	00	戻り値の型	java.util.Enumeration<java.net.URL>
java.lang.ClassLoader	MMMMM	00002	00062	03	00	メソッド名	getSystemResources
java.lang.ClassLoader	MMMMM	00002	00062	04	00	可変長引数があるか	false
java.lang.ClassLoader	MMMMM	00002	00062	05	00	引数の個数	1
java.lang.ClassLoader	MMMMM	00002	00062	06	00	型パラメータリスト	
java.lang.ClassLoader	MMMMM	00002	00062	07	00	型パラメータ記号リスト	
java.lang.ClassLoader	MMMMM	00002	00062	08	00	引数の型リスト	java.lang.String
java.lang.ClassLoader	MMMMM	00002	00062	09	00	仮引数の変数名リスト	arg0
java.lang.ClassLoader	MMMMM	00002	00063	00	00	クラス名	java.lang.ClassLoader
java.lang.ClassLoader	MMMMM	00002	00063	01	00	アクセス修飾子	public
java.lang.ClassLoader	MMMMM	00002	00063	02	00	戻り値の型	java.io.InputStream
java.lang.ClassLoader	MMMMM	00002	00063	03	00	メソッド名	getResourceAsStream
java.lang.ClassLoader	MMMMM	00002	00063	04	00	可変長引数があるか	false
java.lang.ClassLoader	MMMMM	00002	00063	05	00	引数の個数	1
java.lang.ClassLoader	MMMMM	00002	00063	06	00	型パラメータリスト	
java.lang.ClassLoader	MMMMM	00002	00063	07	00	型パラメータ記号リスト	
java.lang.ClassLoader	MMMMM	00002	00063	08	00	引数の型リスト	java.lang.String
java.lang.ClassLoader	MMMMM	00002	00063	09	00	仮引数の変数名リスト	arg0
java.lang.ClassLoader	MMMMM	00002	00064	00	00	クラス名	java.lang.ClassLoader
java.lang.ClassLoader	MMMMM	00002	00064	01	00	アクセス修飾子	public final
java.lang.ClassLoader	MMMMM	00002	00064	02	00	戻り値の型	java.lang.Module
java.lang.ClassLoader	MMMMM	00002	00064	03	00	メソッド名	getUnnamedModule
java.lang.ClassLoader	MMMMM	00002	00064	04	00	可変長引数があるか	false
java.lang.ClassLoader	MMMMM	00002	00064	05	00	引数の個数	0
java.lang.ClassLoader	MMMMM	00002	00064	06	00	型パラメータリスト	
java.lang.ClassLoader	MMMMM	00002	00064	07	00	型パラメータ記号リスト	
java.lang.ClassLoader	MMMMM	00002	00064	08	00	引数の型リスト	
java.lang.ClassLoader	MMMMM	00002	00064	09	00	仮引数の変数名リスト	
java.lang.ClassLoader	MMMMM	00002	00065	00	00	クラス名	java.lang.ClassLoader
java.lang.ClassLoader	MMMMM	00002	00065	01	00	アクセス修飾子	public final
java.lang.ClassLoader	MMMMM	00002	00065	02	00	戻り値の型	java.lang.Package[]
java.lang.ClassLoader	MMMMM	00002	00065	03	00	メソッド名	getDefinedPackages
java.lang.ClassLoader	MMMMM	00002	00065	04	00	可変長引数があるか	false
java.lang.ClassLoader	MMMMM	00002	00065	05	00	引数の個数	0
java.lang.ClassLoader	MMMMM	00002	00065	06	00	型パラメータリスト	
java.lang.ClassLoader	MMMMM	00002	00065	07	00	型パラメータ記号リスト	
java.lang.ClassLoader	MMMMM	00002	00065	08	00	引数の型リスト	
java.lang.ClassLoader	MMMMM	00002	00065	09	00	仮引数の変数名リスト	
java.lang.ClassLoader	MMMMM	00002	00066	00	00	クラス名	java.lang.ClassLoader
java.lang.ClassLoader	MMMMM	00002	00066	01	00	アクセス修飾子	public
java.lang.ClassLoader	MMMMM	00002	00066	02	00	戻り値の型	void
java.lang.ClassLoader	MMMMM	00002	00066	03	00	メソッド名	clearAssertionStatus
java.lang.ClassLoader	MMMMM	00002	00066	04	00	可変長引数があるか	false
java.lang.ClassLoader	MMMMM	00002	00066	05	00	引数の個数	0
java.lang.ClassLoader	MMMMM	00002	00066	06	00	型パラメータリスト	
java.lang.ClassLoader	MMMMM	00002	00066	07	00	型パラメータ記号リスト	
java.lang.ClassLoader	MMMMM	00002	00066	08	00	引数の型リスト	
java.lang.ClassLoader	MMMMM	00002	00066	09	00	仮引数の変数名リスト	
java.lang.ClassLoader	MMMMM	00002	00067	00	00	クラス名	java.lang.ClassLoader
java.lang.ClassLoader	MMMMM	00002	00067	01	00	アクセス修飾子	public final
java.lang.ClassLoader	MMMMM	00002	00067	02	00	戻り値の型	java.lang.Package
java.lang.ClassLoader	MMMMM	00002	00067	03	00	メソッド名	getDefinedPackage
java.lang.ClassLoader	MMMMM	00002	00067	04	00	可変長引数があるか	false
java.lang.ClassLoader	MMMMM	00002	00067	05	00	引数の個数	1
java.lang.ClassLoader	MMMMM	00002	00067	06	00	型パラメータリスト	
java.lang.ClassLoader	MMMMM	00002	00067	07	00	型パラメータ記号リスト	
java.lang.ClassLoader	MMMMM	00002	00067	08	00	引数の型リスト	java.lang.String
java.lang.ClassLoader	MMMMM	00002	00067	09	00	仮引数の変数名リスト	arg0
java.lang.ClassLoader	MMMMM	00002	00068	00	00	クラス名	java.lang.ClassLoader
java.lang.ClassLoader	MMMMM	00002	00068	01	00	アクセス修飾子	public
java.lang.ClassLoader	MMMMM	00002	00068	02	00	戻り値の型	void
java.lang.ClassLoader	MMMMM	00002	00068	03	00	メソッド名	setClassAssertionStatus
java.lang.ClassLoader	MMMMM	00002	00068	04	00	可変長引数があるか	false
java.lang.ClassLoader	MMMMM	00002	00068	05	00	引数の個数	2
java.lang.ClassLoader	MMMMM	00002	00068	06	00	型パラメータリスト	
java.lang.ClassLoader	MMMMM	00002	00068	07	00	型パラメータ記号リスト	
java.lang.ClassLoader	MMMMM	00002	00068	08	00	引数の型リスト	java.lang.String
java.lang.ClassLoader	MMMMM	00002	00068	08	01	引数の型リスト	boolean
java.lang.ClassLoader	MMMMM	00002	00068	09	00	仮引数の変数名リスト	arg0
java.lang.ClassLoader	MMMMM	00002	00068	09	01	仮引数の変数名リスト	arg1
java.lang.ClassLoader	MMMMM	00002	00069	00	00	クラス名	java.lang.ClassLoader
java.lang.ClassLoader	MMMMM	00002	00069	01	00	アクセス修飾子	public native
java.lang.ClassLoader	MMMMM	00002	00069	02	00	戻り値の型	int
java.lang.ClassLoader	MMMMM	00002	00069	03	00	メソッド名	hashCode
java.lang.ClassLoader	MMMMM	00002	00069	04	00	可変長引数があるか	false
java.lang.ClassLoader	MMMMM	00002	00069	05	00	引数の個数	0
java.lang.ClassLoader	MMMMM	00002	00069	06	00	型パラメータリスト	
java.lang.ClassLoader	MMMMM	00002	00069	07	00	型パラメータ記号リスト	
java.lang.ClassLoader	MMMMM	00002	00069	08	00	引数の型リスト	
java.lang.ClassLoader	MMMMM	00002	00069	09	00	仮引数の変数名リスト	
java.lang.ClassLoader	MMMMM	00002	00070	00	00	クラス名	java.lang.ClassLoader
java.lang.ClassLoader	MMMMM	00002	00070	01	00	アクセス修飾子	public
java.lang.ClassLoader	MMMMM	00002	00070	02	00	戻り値の型	java.util.Enumeration<java.net.URL>
java.lang.ClassLoader	MMMMM	00002	00070	03	00	メソッド名	getResources
java.lang.ClassLoader	MMMMM	00002	00070	04	00	可変長引数があるか	false
java.lang.ClassLoader	MMMMM	00002	00070	05	00	引数の個数	1
java.lang.ClassLoader	MMMMM	00002	00070	06	00	型パラメータリスト	
java.lang.ClassLoader	MMMMM	00002	00070	07	00	型パラメータ記号リスト	
java.lang.ClassLoader	MMMMM	00002	00070	08	00	引数の型リスト	java.lang.String
java.lang.ClassLoader	MMMMM	00002	00070	09	00	仮引数の変数名リスト	arg0
java.lang.ClassLoader	MMMMM	00002	00071	00	00	クラス名	java.lang.ClassLoader
java.lang.ClassLoader	MMMMM	00002	00071	01	00	アクセス修飾子	public final
java.lang.ClassLoader	MMMMM	00002	00071	02	00	戻り値の型	boolean
java.lang.ClassLoader	MMMMM	00002	00071	03	00	メソッド名	isRegisteredAsParallelCapable
java.lang.ClassLoader	MMMMM	00002	00071	04	00	可変長引数があるか	false
java.lang.ClassLoader	MMMMM	00002	00071	05	00	引数の個数	0
java.lang.ClassLoader	MMMMM	00002	00071	06	00	型パラメータリスト	
java.lang.ClassLoader	MMMMM	00002	00071	07	00	型パラメータ記号リスト	
java.lang.ClassLoader	MMMMM	00002	00071	08	00	引数の型リスト	
java.lang.ClassLoader	MMMMM	00002	00071	09	00	仮引数の変数名リスト	
java.lang.ClassLoader	MMMMM	00002	00072	00	00	クラス名	java.lang.ClassLoader
java.lang.ClassLoader	MMMMM	00002	00072	01	00	アクセス修飾子	public
java.lang.ClassLoader	MMMMM	00002	00072	02	00	戻り値の型	void
java.lang.ClassLoader	MMMMM	00002	00072	03	00	メソッド名	setDefaultAssertionStatus
java.lang.ClassLoader	MMMMM	00002	00072	04	00	可変長引数があるか	false
java.lang.ClassLoader	MMMMM	00002	00072	05	00	引数の個数	1
java.lang.ClassLoader	MMMMM	00002	00072	06	00	型パラメータリスト	
java.lang.ClassLoader	MMMMM	00002	00072	07	00	型パラメータ記号リスト	
java.lang.ClassLoader	MMMMM	00002	00072	08	00	引数の型リスト	boolean
java.lang.ClassLoader	MMMMM	00002	00072	09	00	仮引数の変数名リスト	arg0
java.lang.ClassLoader	MMMMM	00002	00073	00	00	クラス名	java.lang.ClassLoader
java.lang.ClassLoader	MMMMM	00002	00073	01	00	アクセス修飾子	public final native
java.lang.ClassLoader	MMMMM	00002	00073	02	00	戻り値の型	void
java.lang.ClassLoader	MMMMM	00002	00073	03	00	メソッド名	notify
java.lang.ClassLoader	MMMMM	00002	00073	04	00	可変長引数があるか	false
java.lang.ClassLoader	MMMMM	00002	00073	05	00	引数の個数	0
java.lang.ClassLoader	MMMMM	00002	00073	06	00	型パラメータリスト	
java.lang.ClassLoader	MMMMM	00002	00073	07	00	型パラメータ記号リスト	
java.lang.ClassLoader	MMMMM	00002	00073	08	00	引数の型リスト	
java.lang.ClassLoader	MMMMM	00002	00073	09	00	仮引数の変数名リスト	
java.lang.ClassLoader	MMMMM	00002	00074	00	00	クラス名	java.lang.ClassLoader
java.lang.ClassLoader	MMMMM	00002	00074	01	00	アクセス修飾子	public
java.lang.ClassLoader	MMMMM	00002	00074	02	00	戻り値の型	void
java.lang.ClassLoader	MMMMM	00002	00074	03	00	メソッド名	setPackageAssertionStatus
java.lang.ClassLoader	MMMMM	00002	00074	04	00	可変長引数があるか	false
java.lang.ClassLoader	MMMMM	00002	00074	05	00	引数の個数	2
java.lang.ClassLoader	MMMMM	00002	00074	06	00	型パラメータリスト	
java.lang.ClassLoader	MMMMM	00002	00074	07	00	型パラメータ記号リスト	
java.lang.ClassLoader	MMMMM	00002	00074	08	00	引数の型リスト	java.lang.String
java.lang.ClassLoader	MMMMM	00002	00074	08	01	引数の型リスト	boolean
java.lang.ClassLoader	MMMMM	00002	00074	09	00	仮引数の変数名リスト	arg0
java.lang.ClassLoader	MMMMM	00002	00074	09	01	仮引数の変数名リスト	arg1
java.lang.ClassLoader	MMMMM	00002	00075	00	00	クラス名	java.lang.ClassLoader
java.lang.ClassLoader	MMMMM	00002	00075	01	00	アクセス修飾子	public
java.lang.ClassLoader	MMMMM	00002	00075	02	00	戻り値の型	java.lang.String
java.lang.ClassLoader	MMMMM	00002	00075	03	00	メソッド名	getName
java.lang.ClassLoader	MMMMM	00002	00075	04	00	可変長引数があるか	false
java.lang.ClassLoader	MMMMM	00002	00075	05	00	引数の個数	0
java.lang.ClassLoader	MMMMM	00002	00075	06	00	型パラメータリスト	
java.lang.ClassLoader	MMMMM	00002	00075	07	00	型パラメータ記号リスト	
java.lang.ClassLoader	MMMMM	00002	00075	08	00	引数の型リスト	
java.lang.ClassLoader	MMMMM	00002	00075	09	00	仮引数の変数名リスト	
java.lang.ClassLoader	MMMMM	00002	00076	00	00	クラス名	java.lang.ClassLoader
java.lang.ClassLoader	MMMMM	00002	00076	01	00	アクセス修飾子	public final native
java.lang.ClassLoader	MMMMM	00002	00076	02	00	戻り値の型	void
java.lang.ClassLoader	MMMMM	00002	00076	03	00	メソッド名	wait
java.lang.ClassLoader	MMMMM	00002	00076	04	00	可変長引数があるか	false
java.lang.ClassLoader	MMMMM	00002	00076	05	00	引数の個数	1
java.lang.ClassLoader	MMMMM	00002	00076	06	00	型パラメータリスト	
java.lang.ClassLoader	MMMMM	00002	00076	07	00	型パラメータ記号リスト	
java.lang.ClassLoader	MMMMM	00002	00076	08	00	引数の型リスト	long
java.lang.ClassLoader	MMMMM	00002	00076	09	00	仮引数の変数名リスト	arg0
java.lang.ClassLoader	MMMMM	00002	00077	00	00	クラス名	java.lang.ClassLoader
java.lang.ClassLoader	MMMMM	00002	00077	01	00	アクセス修飾子	public final
java.lang.ClassLoader	MMMMM	00002	00077	02	00	戻り値の型	void
java.lang.ClassLoader	MMMMM	00002	00077	03	00	メソッド名	wait
java.lang.ClassLoader	MMMMM	00002	00077	04	00	可変長引数があるか	false
java.lang.ClassLoader	MMMMM	00002	00077	05	00	引数の個数	2
java.lang.ClassLoader	MMMMM	00002	00077	06	00	型パラメータリスト	
java.lang.ClassLoader	MMMMM	00002	00077	07	00	型パラメータ記号リスト	
java.lang.ClassLoader	MMMMM	00002	00077	08	00	引数の型リスト	long
java.lang.ClassLoader	MMMMM	00002	00077	08	01	引数の型リスト	int
java.lang.ClassLoader	MMMMM	00002	00077	09	00	仮引数の変数名リスト	arg0
java.lang.ClassLoader	MMMMM	00002	00077	09	01	仮引数の変数名リスト	arg1
java.lang.ClassLoader	MMMMM	00002	00078	00	00	クラス名	java.lang.ClassLoader
java.lang.ClassLoader	MMMMM	00002	00078	01	00	アクセス修飾子	public final
java.lang.ClassLoader	MMMMM	00002	00078	02	00	戻り値の型	void
java.lang.ClassLoader	MMMMM	00002	00078	03	00	メソッド名	wait
java.lang.ClassLoader	MMMMM	00002	00078	04	00	可変長引数があるか	false
java.lang.ClassLoader	MMMMM	00002	00078	05	00	引数の個数	0
java.lang.ClassLoader	MMMMM	00002	00078	06	00	型パラメータリスト	
java.lang.ClassLoader	MMMMM	00002	00078	07	00	型パラメータ記号リスト	
java.lang.ClassLoader	MMMMM	00002	00078	08	00	引数の型リスト	
java.lang.ClassLoader	MMMMM	00002	00078	09	00	仮引数の変数名リスト	
java.lang.ClassLoader	MMMMM	00002	00079	00	00	クラス名	java.lang.ClassLoader
java.lang.ClassLoader	MMMMM	00002	00079	01	00	アクセス修飾子	public
java.lang.ClassLoader	MMMMM	00002	00079	02	00	戻り値の型	java.net.URL
java.lang.ClassLoader	MMMMM	00002	00079	03	00	メソッド名	getResource
java.lang.ClassLoader	MMMMM	00002	00079	04	00	可変長引数があるか	false
java.lang.ClassLoader	MMMMM	00002	00079	05	00	引数の個数	1
java.lang.ClassLoader	MMMMM	00002	00079	06	00	型パラメータリスト	
java.lang.ClassLoader	MMMMM	00002	00079	07	00	型パラメータ記号リスト	
java.lang.ClassLoader	MMMMM	00002	00079	08	00	引数の型リスト	java.lang.String
java.lang.ClassLoader	MMMMM	00002	00079	09	00	仮引数の変数名リスト	arg0
java.lang.ClassLoader	MMMMM	00002	00080	00	00	クラス名	java.lang.ClassLoader
java.lang.ClassLoader	MMMMM	00002	00080	01	00	アクセス修飾子	public final native
java.lang.ClassLoader	MMMMM	00002	00080	02	00	戻り値の型	java.lang.Class<?>
java.lang.ClassLoader	MMMMM	00002	00080	03	00	メソッド名	getClass
java.lang.ClassLoader	MMMMM	00002	00080	04	00	可変長引数があるか	false
java.lang.ClassLoader	MMMMM	00002	00080	05	00	引数の個数	0
java.lang.ClassLoader	MMMMM	00002	00080	06	00	型パラメータリスト	
java.lang.ClassLoader	MMMMM	00002	00080	07	00	型パラメータ記号リスト	
java.lang.ClassLoader	MMMMM	00002	00080	08	00	引数の型リスト	
java.lang.ClassLoader	MMMMM	00002	00080	09	00	仮引数の変数名リスト	
java.lang.ClassLoader	MMMMM	00002	00081	00	00	クラス名	java.lang.ClassLoader
java.lang.ClassLoader	MMMMM	00002	00081	01	00	アクセス修飾子	public final native
java.lang.ClassLoader	MMMMM	00002	00081	02	00	戻り値の型	void
java.lang.ClassLoader	MMMMM	00002	00081	03	00	メソッド名	notifyAll
java.lang.ClassLoader	MMMMM	00002	00081	04	00	可変長引数があるか	false
java.lang.ClassLoader	MMMMM	00002	00081	05	00	引数の個数	0
java.lang.ClassLoader	MMMMM	00002	00081	06	00	型パラメータリスト	
java.lang.ClassLoader	MMMMM	00002	00081	07	00	型パラメータ記号リスト	
java.lang.ClassLoader	MMMMM	00002	00081	08	00	引数の型リスト	
java.lang.ClassLoader	MMMMM	00002	00081	09	00	仮引数の変数名リスト	
