java.lang.Thread	CCCCC	00001	00001	00	00	クラス名	java.lang.Thread
java.lang.Thread	CCCCC	00001	00001	01	00	定数名	NORM_PRIORITY
java.lang.Thread	CCCCC	00001	00002	00	00	クラス名	java.lang.Thread
java.lang.Thread	CCCCC	00001	00002	01	00	定数名	MAX_PRIORITY
java.lang.Thread	CCCCC	00001	00003	00	00	クラス名	java.lang.Thread
java.lang.Thread	CCCCC	00001	00003	01	00	定数名	MIN_PRIORITY
java.lang.Thread	MMMMM	00001	00004	00	00	クラス名	java.lang.Thread
java.lang.Thread	MMMMM	00001	00004	01	00	アクセス修飾子	public final
java.lang.Thread	MMMMM	00001	00004	02	00	戻り値の型	boolean
java.lang.Thread	MMMMM	00001	00004	03	00	メソッド名	isDaemon
java.lang.Thread	MMMMM	00001	00004	04	00	可変長引数があるか	false
java.lang.Thread	MMMMM	00001	00004	05	00	引数の個数	0
java.lang.Thread	MMMMM	00001	00004	06	00	型パラメータリスト	
java.lang.Thread	MMMMM	00001	00004	07	00	型パラメータ記号リスト	
java.lang.Thread	MMMMM	00001	00004	08	00	引数の型リスト	
java.lang.Thread	MMMMM	00001	00004	09	00	仮引数の変数名リスト	
java.lang.Thread	MMMMM	00001	00005	00	00	クラス名	java.lang.Thread
java.lang.Thread	MMMMM	00001	00005	01	00	アクセス修飾子	public
java.lang.Thread	MMMMM	00001	00005	02	00	戻り値の型	java.lang.StackTraceElement[]
java.lang.Thread	MMMMM	00001	00005	03	00	メソッド名	getStackTrace
java.lang.Thread	MMMMM	00001	00005	04	00	可変長引数があるか	false
java.lang.Thread	MMMMM	00001	00005	05	00	引数の個数	0
java.lang.Thread	MMMMM	00001	00005	06	00	型パラメータリスト	
java.lang.Thread	MMMMM	00001	00005	07	00	型パラメータ記号リスト	
java.lang.Thread	MMMMM	00001	00005	08	00	引数の型リスト	
java.lang.Thread	MMMMM	00001	00005	09	00	仮引数の変数名リスト	
java.lang.Thread	MMMMM	00001	00006	00	00	クラス名	java.lang.Thread
java.lang.Thread	MMMMM	00001	00006	01	00	アクセス修飾子	public final
java.lang.Thread	MMMMM	00001	00006	02	00	戻り値の型	void
java.lang.Thread	MMMMM	00001	00006	03	00	メソッド名	join
java.lang.Thread	MMMMM	00001	00006	04	00	可変長引数があるか	false
java.lang.Thread	MMMMM	00001	00006	05	00	引数の個数	0
java.lang.Thread	MMMMM	00001	00006	06	00	型パラメータリスト	
java.lang.Thread	MMMMM	00001	00006	07	00	型パラメータ記号リスト	
java.lang.Thread	MMMMM	00001	00006	08	00	引数の型リスト	
java.lang.Thread	MMMMM	00001	00006	09	00	仮引数の変数名リスト	
java.lang.Thread	MMMMM	00001	00007	00	00	クラス名	java.lang.Thread
java.lang.Thread	MMMMM	00001	00007	01	00	アクセス修飾子	public final synchronized
java.lang.Thread	MMMMM	00001	00007	02	00	戻り値の型	void
java.lang.Thread	MMMMM	00001	00007	03	00	メソッド名	join
java.lang.Thread	MMMMM	00001	00007	04	00	可変長引数があるか	false
java.lang.Thread	MMMMM	00001	00007	05	00	引数の個数	2
java.lang.Thread	MMMMM	00001	00007	06	00	型パラメータリスト	
java.lang.Thread	MMMMM	00001	00007	07	00	型パラメータ記号リスト	
java.lang.Thread	MMMMM	00001	00007	08	00	引数の型リスト	long
java.lang.Thread	MMMMM	00001	00007	08	01	引数の型リスト	int
java.lang.Thread	MMMMM	00001	00007	09	00	仮引数の変数名リスト	arg0
java.lang.Thread	MMMMM	00001	00007	09	01	仮引数の変数名リスト	arg1
java.lang.Thread	MMMMM	00001	00008	00	00	クラス名	java.lang.Thread
java.lang.Thread	MMMMM	00001	00008	01	00	アクセス修飾子	public final synchronized
java.lang.Thread	MMMMM	00001	00008	02	00	戻り値の型	void
java.lang.Thread	MMMMM	00001	00008	03	00	メソッド名	join
java.lang.Thread	MMMMM	00001	00008	04	00	可変長引数があるか	false
java.lang.Thread	MMMMM	00001	00008	05	00	引数の個数	1
java.lang.Thread	MMMMM	00001	00008	06	00	型パラメータリスト	
java.lang.Thread	MMMMM	00001	00008	07	00	型パラメータ記号リスト	
java.lang.Thread	MMMMM	00001	00008	08	00	引数の型リスト	long
java.lang.Thread	MMMMM	00001	00008	09	00	仮引数の変数名リスト	arg0
java.lang.Thread	MMMMM	00001	00009	00	00	クラス名	java.lang.Thread
java.lang.Thread	MMMMM	00001	00009	01	00	アクセス修飾子	public
java.lang.Thread	MMMMM	00001	00009	02	00	戻り値の型	boolean
java.lang.Thread	MMMMM	00001	00009	03	00	メソッド名	equals
java.lang.Thread	MMMMM	00001	00009	04	00	可変長引数があるか	false
java.lang.Thread	MMMMM	00001	00009	05	00	引数の個数	1
java.lang.Thread	MMMMM	00001	00009	06	00	型パラメータリスト	
java.lang.Thread	MMMMM	00001	00009	07	00	型パラメータ記号リスト	
java.lang.Thread	MMMMM	00001	00009	08	00	引数の型リスト	java.lang.Object
java.lang.Thread	MMMMM	00001	00009	09	00	仮引数の変数名リスト	arg0
java.lang.Thread	MMMMM	00001	00010	00	00	クラス名	java.lang.Thread
java.lang.Thread	MMMMM	00001	00010	01	00	アクセス修飾子	public
java.lang.Thread	MMMMM	00001	00010	02	00	戻り値の型	void
java.lang.Thread	MMMMM	00001	00010	03	00	メソッド名	interrupt
java.lang.Thread	MMMMM	00001	00010	04	00	可変長引数があるか	false
java.lang.Thread	MMMMM	00001	00010	05	00	引数の個数	0
java.lang.Thread	MMMMM	00001	00010	06	00	型パラメータリスト	
java.lang.Thread	MMMMM	00001	00010	07	00	型パラメータ記号リスト	
java.lang.Thread	MMMMM	00001	00010	08	00	引数の型リスト	
java.lang.Thread	MMMMM	00001	00010	09	00	仮引数の変数名リスト	
java.lang.Thread	MMMMM	00001	00011	00	00	クラス名	java.lang.Thread
java.lang.Thread	MMMMM	00001	00011	01	00	アクセス修飾子	public final
java.lang.Thread	MMMMM	00001	00011	02	00	戻り値の型	java.lang.String
java.lang.Thread	MMMMM	00001	00011	03	00	メソッド名	getName
java.lang.Thread	MMMMM	00001	00011	04	00	可変長引数があるか	false
java.lang.Thread	MMMMM	00001	00011	05	00	引数の個数	0
java.lang.Thread	MMMMM	00001	00011	06	00	型パラメータリスト	
java.lang.Thread	MMMMM	00001	00011	07	00	型パラメータ記号リスト	
java.lang.Thread	MMMMM	00001	00011	08	00	引数の型リスト	
java.lang.Thread	MMMMM	00001	00011	09	00	仮引数の変数名リスト	
java.lang.Thread	MMMMM	00001	00012	00	00	クラス名	java.lang.Thread
java.lang.Thread	MMMMM	00001	00012	01	00	アクセス修飾子	public
java.lang.Thread	MMMMM	00001	00012	02	00	戻り値の型	void
java.lang.Thread	MMMMM	00001	00012	03	00	メソッド名	setContextClassLoader
java.lang.Thread	MMMMM	00001	00012	04	00	可変長引数があるか	false
java.lang.Thread	MMMMM	00001	00012	05	00	引数の個数	1
java.lang.Thread	MMMMM	00001	00012	06	00	型パラメータリスト	
java.lang.Thread	MMMMM	00001	00012	07	00	型パラメータ記号リスト	
java.lang.Thread	MMMMM	00001	00012	08	00	引数の型リスト	java.lang.ClassLoader
java.lang.Thread	MMMMM	00001	00012	09	00	仮引数の変数名リスト	arg0
java.lang.Thread	MMMMM	00001	00013	00	00	クラス名	java.lang.Thread
java.lang.Thread	MMMMM	00001	00013	01	00	アクセス修飾子	public
java.lang.Thread	MMMMM	00001	00013	02	00	戻り値の型	void
java.lang.Thread	MMMMM	00001	00013	03	00	メソッド名	run
java.lang.Thread	MMMMM	00001	00013	04	00	可変長引数があるか	false
java.lang.Thread	MMMMM	00001	00013	05	00	引数の個数	0
java.lang.Thread	MMMMM	00001	00013	06	00	型パラメータリスト	
java.lang.Thread	MMMMM	00001	00013	07	00	型パラメータ記号リスト	
java.lang.Thread	MMMMM	00001	00013	08	00	引数の型リスト	
java.lang.Thread	MMMMM	00001	00013	09	00	仮引数の変数名リスト	
java.lang.Thread	MMMMM	00001	00014	00	00	クラス名	java.lang.Thread
java.lang.Thread	MMMMM	00001	00014	01	00	アクセス修飾子	public static
java.lang.Thread	MMMMM	00001	00014	02	00	戻り値の型	void
java.lang.Thread	MMMMM	00001	00014	03	00	メソッド名	onSpinWait
java.lang.Thread	MMMMM	00001	00014	04	00	可変長引数があるか	false
java.lang.Thread	MMMMM	00001	00014	05	00	引数の個数	0
java.lang.Thread	MMMMM	00001	00014	06	00	型パラメータリスト	
java.lang.Thread	MMMMM	00001	00014	07	00	型パラメータ記号リスト	
java.lang.Thread	MMMMM	00001	00014	08	00	引数の型リスト	
java.lang.Thread	MMMMM	00001	00014	09	00	仮引数の変数名リスト	
java.lang.Thread	MMMMM	00001	00015	00	00	クラス名	java.lang.Thread
java.lang.Thread	MMMMM	00001	00015	01	00	アクセス修飾子	public
java.lang.Thread	MMMMM	00001	00015	02	00	戻り値の型	java.lang.ClassLoader
java.lang.Thread	MMMMM	00001	00015	03	00	メソッド名	getContextClassLoader
java.lang.Thread	MMMMM	00001	00015	04	00	可変長引数があるか	false
java.lang.Thread	MMMMM	00001	00015	05	00	引数の個数	0
java.lang.Thread	MMMMM	00001	00015	06	00	型パラメータリスト	
java.lang.Thread	MMMMM	00001	00015	07	00	型パラメータ記号リスト	
java.lang.Thread	MMMMM	00001	00015	08	00	引数の型リスト	
java.lang.Thread	MMMMM	00001	00015	09	00	仮引数の変数名リスト	
java.lang.Thread	MMMMM	00001	00016	00	00	クラス名	java.lang.Thread
java.lang.Thread	MMMMM	00001	00016	01	00	アクセス修飾子	public final
java.lang.Thread	MMMMM	00001	00016	02	00	戻り値の型	void
java.lang.Thread	MMMMM	00001	00016	03	00	メソッド名	stop
java.lang.Thread	MMMMM	00001	00016	04	00	可変長引数があるか	false
java.lang.Thread	MMMMM	00001	00016	05	00	引数の個数	0
java.lang.Thread	MMMMM	00001	00016	06	00	型パラメータリスト	
java.lang.Thread	MMMMM	00001	00016	07	00	型パラメータ記号リスト	
java.lang.Thread	MMMMM	00001	00016	08	00	引数の型リスト	
java.lang.Thread	MMMMM	00001	00016	09	00	仮引数の変数名リスト	
java.lang.Thread	MMMMM	00001	00017	00	00	クラス名	java.lang.Thread
java.lang.Thread	MMMMM	00001	00017	01	00	アクセス修飾子	public final native
java.lang.Thread	MMMMM	00001	00017	02	00	戻り値の型	boolean
java.lang.Thread	MMMMM	00001	00017	03	00	メソッド名	isAlive
java.lang.Thread	MMMMM	00001	00017	04	00	可変長引数があるか	false
java.lang.Thread	MMMMM	00001	00017	05	00	引数の個数	0
java.lang.Thread	MMMMM	00001	00017	06	00	型パラメータリスト	
java.lang.Thread	MMMMM	00001	00017	07	00	型パラメータ記号リスト	
java.lang.Thread	MMMMM	00001	00017	08	00	引数の型リスト	
java.lang.Thread	MMMMM	00001	00017	09	00	仮引数の変数名リスト	
java.lang.Thread	MMMMM	00001	00018	00	00	クラス名	java.lang.Thread
java.lang.Thread	MMMMM	00001	00018	01	00	アクセス修飾子	public static
java.lang.Thread	MMMMM	00001	00018	02	00	戻り値の型	java.lang.Thread$UncaughtExceptionHandler
java.lang.Thread	MMMMM	00001	00018	03	00	メソッド名	getDefaultUncaughtExceptionHandler
java.lang.Thread	MMMMM	00001	00018	04	00	可変長引数があるか	false
java.lang.Thread	MMMMM	00001	00018	05	00	引数の個数	0
java.lang.Thread	MMMMM	00001	00018	06	00	型パラメータリスト	
java.lang.Thread	MMMMM	00001	00018	07	00	型パラメータ記号リスト	
java.lang.Thread	MMMMM	00001	00018	08	00	引数の型リスト	
java.lang.Thread	MMMMM	00001	00018	09	00	仮引数の変数名リスト	
java.lang.Thread	MMMMM	00001	00019	00	00	クラス名	java.lang.Thread
java.lang.Thread	MMMMM	00001	00019	01	00	アクセス修飾子	public final
java.lang.Thread	MMMMM	00001	00019	02	00	戻り値の型	void
java.lang.Thread	MMMMM	00001	00019	03	00	メソッド名	setPriority
java.lang.Thread	MMMMM	00001	00019	04	00	可変長引数があるか	false
java.lang.Thread	MMMMM	00001	00019	05	00	引数の個数	1
java.lang.Thread	MMMMM	00001	00019	06	00	型パラメータリスト	
java.lang.Thread	MMMMM	00001	00019	07	00	型パラメータ記号リスト	
java.lang.Thread	MMMMM	00001	00019	08	00	引数の型リスト	int
java.lang.Thread	MMMMM	00001	00019	09	00	仮引数の変数名リスト	arg0
java.lang.Thread	MMMMM	00001	00020	00	00	クラス名	java.lang.Thread
java.lang.Thread	MMMMM	00001	00020	01	00	アクセス修飾子	public native
java.lang.Thread	MMMMM	00001	00020	02	00	戻り値の型	int
java.lang.Thread	MMMMM	00001	00020	03	00	メソッド名	hashCode
java.lang.Thread	MMMMM	00001	00020	04	00	可変長引数があるか	false
java.lang.Thread	MMMMM	00001	00020	05	00	引数の個数	0
java.lang.Thread	MMMMM	00001	00020	06	00	型パラメータリスト	
java.lang.Thread	MMMMM	00001	00020	07	00	型パラメータ記号リスト	
java.lang.Thread	MMMMM	00001	00020	08	00	引数の型リスト	
java.lang.Thread	MMMMM	00001	00020	09	00	仮引数の変数名リスト	
java.lang.Thread	MMMMM	00001	00021	00	00	クラス名	java.lang.Thread
java.lang.Thread	MMMMM	00001	00021	01	00	アクセス修飾子	public static
java.lang.Thread	MMMMM	00001	00021	02	00	戻り値の型	void
java.lang.Thread	MMMMM	00001	00021	03	00	メソッド名	setDefaultUncaughtExceptionHandler
java.lang.Thread	MMMMM	00001	00021	04	00	可変長引数があるか	false
java.lang.Thread	MMMMM	00001	00021	05	00	引数の個数	1
java.lang.Thread	MMMMM	00001	00021	06	00	型パラメータリスト	
java.lang.Thread	MMMMM	00001	00021	07	00	型パラメータ記号リスト	
java.lang.Thread	MMMMM	00001	00021	08	00	引数の型リスト	java.lang.Thread$UncaughtExceptionHandler
java.lang.Thread	MMMMM	00001	00021	09	00	仮引数の変数名リスト	arg0
java.lang.Thread	MMMMM	00001	00022	00	00	クラス名	java.lang.Thread
java.lang.Thread	MMMMM	00001	00022	01	00	アクセス修飾子	public
java.lang.Thread	MMMMM	00001	00022	02	00	戻り値の型	void
java.lang.Thread	MMMMM	00001	00022	03	00	メソッド名	setUncaughtExceptionHandler
java.lang.Thread	MMMMM	00001	00022	04	00	可変長引数があるか	false
java.lang.Thread	MMMMM	00001	00022	05	00	引数の個数	1
java.lang.Thread	MMMMM	00001	00022	06	00	型パラメータリスト	
java.lang.Thread	MMMMM	00001	00022	07	00	型パラメータ記号リスト	
java.lang.Thread	MMMMM	00001	00022	08	00	引数の型リスト	java.lang.Thread$UncaughtExceptionHandler
java.lang.Thread	MMMMM	00001	00022	09	00	仮引数の変数名リスト	arg0
java.lang.Thread	MMMMM	00001	00023	00	00	クラス名	java.lang.Thread
java.lang.Thread	MMMMM	00001	00023	01	00	アクセス修飾子	public final native
java.lang.Thread	MMMMM	00001	00023	02	00	戻り値の型	void
java.lang.Thread	MMMMM	00001	00023	03	00	メソッド名	notify
java.lang.Thread	MMMMM	00001	00023	04	00	可変長引数があるか	false
java.lang.Thread	MMMMM	00001	00023	05	00	引数の個数	0
java.lang.Thread	MMMMM	00001	00023	06	00	型パラメータリスト	
java.lang.Thread	MMMMM	00001	00023	07	00	型パラメータ記号リスト	
java.lang.Thread	MMMMM	00001	00023	08	00	引数の型リスト	
java.lang.Thread	MMMMM	00001	00023	09	00	仮引数の変数名リスト	
java.lang.Thread	MMMMM	00001	00024	00	00	クラス名	java.lang.Thread
java.lang.Thread	MMMMM	00001	00024	01	00	アクセス修飾子	public static native
java.lang.Thread	MMMMM	00001	00024	02	00	戻り値の型	java.lang.Thread
java.lang.Thread	MMMMM	00001	00024	03	00	メソッド名	currentThread
java.lang.Thread	MMMMM	00001	00024	04	00	可変長引数があるか	false
java.lang.Thread	MMMMM	00001	00024	05	00	引数の個数	0
java.lang.Thread	MMMMM	00001	00024	06	00	型パラメータリスト	
java.lang.Thread	MMMMM	00001	00024	07	00	型パラメータ記号リスト	
java.lang.Thread	MMMMM	00001	00024	08	00	引数の型リスト	
java.lang.Thread	MMMMM	00001	00024	09	00	仮引数の変数名リスト	
java.lang.Thread	MMMMM	00001	00025	00	00	クラス名	java.lang.Thread
java.lang.Thread	MMMMM	00001	00025	01	00	アクセス修飾子	public final
java.lang.Thread	MMMMM	00001	00025	02	00	戻り値の型	void
java.lang.Thread	MMMMM	00001	00025	03	00	メソッド名	suspend
java.lang.Thread	MMMMM	00001	00025	04	00	可変長引数があるか	false
java.lang.Thread	MMMMM	00001	00025	05	00	引数の個数	0
java.lang.Thread	MMMMM	00001	00025	06	00	型パラメータリスト	
java.lang.Thread	MMMMM	00001	00025	07	00	型パラメータ記号リスト	
java.lang.Thread	MMMMM	00001	00025	08	00	引数の型リスト	
java.lang.Thread	MMMMM	00001	00025	09	00	仮引数の変数名リスト	
java.lang.Thread	MMMMM	00001	00026	00	00	クラス名	java.lang.Thread
java.lang.Thread	MMMMM	00001	00026	01	00	アクセス修飾子	public final native
java.lang.Thread	MMMMM	00001	00026	02	00	戻り値の型	void
java.lang.Thread	MMMMM	00001	00026	03	00	メソッド名	wait
java.lang.Thread	MMMMM	00001	00026	04	00	可変長引数があるか	false
java.lang.Thread	MMMMM	00001	00026	05	00	引数の個数	1
java.lang.Thread	MMMMM	00001	00026	06	00	型パラメータリスト	
java.lang.Thread	MMMMM	00001	00026	07	00	型パラメータ記号リスト	
java.lang.Thread	MMMMM	00001	00026	08	00	引数の型リスト	long
java.lang.Thread	MMMMM	00001	00026	09	00	仮引数の変数名リスト	arg0
java.lang.Thread	MMMMM	00001	00027	00	00	クラス名	java.lang.Thread
java.lang.Thread	MMMMM	00001	00027	01	00	アクセス修飾子	public final
java.lang.Thread	MMMMM	00001	00027	02	00	戻り値の型	void
java.lang.Thread	MMMMM	00001	00027	03	00	メソッド名	wait
java.lang.Thread	MMMMM	00001	00027	04	00	可変長引数があるか	false
java.lang.Thread	MMMMM	00001	00027	05	00	引数の個数	2
java.lang.Thread	MMMMM	00001	00027	06	00	型パラメータリスト	
java.lang.Thread	MMMMM	00001	00027	07	00	型パラメータ記号リスト	
java.lang.Thread	MMMMM	00001	00027	08	00	引数の型リスト	long
java.lang.Thread	MMMMM	00001	00027	08	01	引数の型リスト	int
java.lang.Thread	MMMMM	00001	00027	09	00	仮引数の変数名リスト	arg0
java.lang.Thread	MMMMM	00001	00027	09	01	仮引数の変数名リスト	arg1
java.lang.Thread	MMMMM	00001	00028	00	00	クラス名	java.lang.Thread
java.lang.Thread	MMMMM	00001	00028	01	00	アクセス修飾子	public final
java.lang.Thread	MMMMM	00001	00028	02	00	戻り値の型	void
java.lang.Thread	MMMMM	00001	00028	03	00	メソッド名	wait
java.lang.Thread	MMMMM	00001	00028	04	00	可変長引数があるか	false
java.lang.Thread	MMMMM	00001	00028	05	00	引数の個数	0
java.lang.Thread	MMMMM	00001	00028	06	00	型パラメータリスト	
java.lang.Thread	MMMMM	00001	00028	07	00	型パラメータ記号リスト	
java.lang.Thread	MMMMM	00001	00028	08	00	引数の型リスト	
java.lang.Thread	MMMMM	00001	00028	09	00	仮引数の変数名リスト	
java.lang.Thread	MMMMM	00001	00029	00	00	クラス名	java.lang.Thread
java.lang.Thread	MMMMM	00001	00029	01	00	アクセス修飾子	public final
java.lang.Thread	MMMMM	00001	00029	02	00	戻り値の型	void
java.lang.Thread	MMMMM	00001	00029	03	00	メソッド名	checkAccess
java.lang.Thread	MMMMM	00001	00029	04	00	可変長引数があるか	false
java.lang.Thread	MMMMM	00001	00029	05	00	引数の個数	0
java.lang.Thread	MMMMM	00001	00029	06	00	型パラメータリスト	
java.lang.Thread	MMMMM	00001	00029	07	00	型パラメータ記号リスト	
java.lang.Thread	MMMMM	00001	00029	08	00	引数の型リスト	
java.lang.Thread	MMMMM	00001	00029	09	00	仮引数の変数名リスト	
java.lang.Thread	MMMMM	00001	00030	00	00	クラス名	java.lang.Thread
java.lang.Thread	MMMMM	00001	00030	01	00	アクセス修飾子	public static
java.lang.Thread	MMMMM	00001	00030	02	00	戻り値の型	boolean
java.lang.Thread	MMMMM	00001	00030	03	00	メソッド名	interrupted
java.lang.Thread	MMMMM	00001	00030	04	00	可変長引数があるか	false
java.lang.Thread	MMMMM	00001	00030	05	00	引数の個数	0
java.lang.Thread	MMMMM	00001	00030	06	00	型パラメータリスト	
java.lang.Thread	MMMMM	00001	00030	07	00	型パラメータ記号リスト	
java.lang.Thread	MMMMM	00001	00030	08	00	引数の型リスト	
java.lang.Thread	MMMMM	00001	00030	09	00	仮引数の変数名リスト	
java.lang.Thread	MMMMM	00001	00031	00	00	クラス名	java.lang.Thread
java.lang.Thread	MMMMM	00001	00031	01	00	アクセス修飾子	public final native
java.lang.Thread	MMMMM	00001	00031	02	00	戻り値の型	void
java.lang.Thread	MMMMM	00001	00031	03	00	メソッド名	notifyAll
java.lang.Thread	MMMMM	00001	00031	04	00	可変長引数があるか	false
java.lang.Thread	MMMMM	00001	00031	05	00	引数の個数	0
java.lang.Thread	MMMMM	00001	00031	06	00	型パラメータリスト	
java.lang.Thread	MMMMM	00001	00031	07	00	型パラメータ記号リスト	
java.lang.Thread	MMMMM	00001	00031	08	00	引数の型リスト	
java.lang.Thread	MMMMM	00001	00031	09	00	仮引数の変数名リスト	
java.lang.Thread	MMMMM	00001	00032	00	00	クラス名	java.lang.Thread
java.lang.Thread	MMMMM	00001	00032	01	00	アクセス修飾子	public static native
java.lang.Thread	MMMMM	00001	00032	02	00	戻り値の型	void
java.lang.Thread	MMMMM	00001	00032	03	00	メソッド名	yield
java.lang.Thread	MMMMM	00001	00032	04	00	可変長引数があるか	false
java.lang.Thread	MMMMM	00001	00032	05	00	引数の個数	0
java.lang.Thread	MMMMM	00001	00032	06	00	型パラメータリスト	
java.lang.Thread	MMMMM	00001	00032	07	00	型パラメータ記号リスト	
java.lang.Thread	MMMMM	00001	00032	08	00	引数の型リスト	
java.lang.Thread	MMMMM	00001	00032	09	00	仮引数の変数名リスト	
java.lang.Thread	MMMMM	00001	00033	00	00	クラス名	java.lang.Thread
java.lang.Thread	MMMMM	00001	00033	01	00	アクセス修飾子	public static
java.lang.Thread	MMMMM	00001	00033	02	00	戻り値の型	void
java.lang.Thread	MMMMM	00001	00033	03	00	メソッド名	sleep
java.lang.Thread	MMMMM	00001	00033	04	00	可変長引数があるか	false
java.lang.Thread	MMMMM	00001	00033	05	00	引数の個数	2
java.lang.Thread	MMMMM	00001	00033	06	00	型パラメータリスト	
java.lang.Thread	MMMMM	00001	00033	07	00	型パラメータ記号リスト	
java.lang.Thread	MMMMM	00001	00033	08	00	引数の型リスト	long
java.lang.Thread	MMMMM	00001	00033	08	01	引数の型リスト	int
java.lang.Thread	MMMMM	00001	00033	09	00	仮引数の変数名リスト	arg0
java.lang.Thread	MMMMM	00001	00033	09	01	仮引数の変数名リスト	arg1
java.lang.Thread	MMMMM	00001	00034	00	00	クラス名	java.lang.Thread
java.lang.Thread	MMMMM	00001	00034	01	00	アクセス修飾子	public static native
java.lang.Thread	MMMMM	00001	00034	02	00	戻り値の型	void
java.lang.Thread	MMMMM	00001	00034	03	00	メソッド名	sleep
java.lang.Thread	MMMMM	00001	00034	04	00	可変長引数があるか	false
java.lang.Thread	MMMMM	00001	00034	05	00	引数の個数	1
java.lang.Thread	MMMMM	00001	00034	06	00	型パラメータリスト	
java.lang.Thread	MMMMM	00001	00034	07	00	型パラメータ記号リスト	
java.lang.Thread	MMMMM	00001	00034	08	00	引数の型リスト	long
java.lang.Thread	MMMMM	00001	00034	09	00	仮引数の変数名リスト	arg0
java.lang.Thread	MMMMM	00001	00035	00	00	クラス名	java.lang.Thread
java.lang.Thread	MMMMM	00001	00035	01	00	アクセス修飾子	public static
java.lang.Thread	MMMMM	00001	00035	02	00	戻り値の型	int
java.lang.Thread	MMMMM	00001	00035	03	00	メソッド名	enumerate
java.lang.Thread	MMMMM	00001	00035	04	00	可変長引数があるか	false
java.lang.Thread	MMMMM	00001	00035	05	00	引数の個数	1
java.lang.Thread	MMMMM	00001	00035	06	00	型パラメータリスト	
java.lang.Thread	MMMMM	00001	00035	07	00	型パラメータ記号リスト	
java.lang.Thread	MMMMM	00001	00035	08	00	引数の型リスト	java.lang.Thread[]
java.lang.Thread	MMMMM	00001	00035	09	00	仮引数の変数名リスト	arg0
java.lang.Thread	MMMMM	00001	00036	00	00	クラス名	java.lang.Thread
java.lang.Thread	MMMMM	00001	00036	01	00	アクセス修飾子	public static
java.lang.Thread	MMMMM	00001	00036	02	00	戻り値の型	java.util.Map<java.lang.Thread
java.lang.Thread	MMMMM	00001	00036	02	01	戻り値の型	 java.lang.StackTraceElement[]>
java.lang.Thread	MMMMM	00001	00036	03	00	メソッド名	getAllStackTraces
java.lang.Thread	MMMMM	00001	00036	04	00	可変長引数があるか	false
java.lang.Thread	MMMMM	00001	00036	05	00	引数の個数	0
java.lang.Thread	MMMMM	00001	00036	06	00	型パラメータリスト	
java.lang.Thread	MMMMM	00001	00036	07	00	型パラメータ記号リスト	
java.lang.Thread	MMMMM	00001	00036	08	00	引数の型リスト	
java.lang.Thread	MMMMM	00001	00036	09	00	仮引数の変数名リスト	
java.lang.Thread	MMMMM	00001	00037	00	00	クラス名	java.lang.Thread
java.lang.Thread	MMMMM	00001	00037	01	00	アクセス修飾子	public final
java.lang.Thread	MMMMM	00001	00037	02	00	戻り値の型	java.lang.ThreadGroup
java.lang.Thread	MMMMM	00001	00037	03	00	メソッド名	getThreadGroup
java.lang.Thread	MMMMM	00001	00037	04	00	可変長引数があるか	false
java.lang.Thread	MMMMM	00001	00037	05	00	引数の個数	0
java.lang.Thread	MMMMM	00001	00037	06	00	型パラメータリスト	
java.lang.Thread	MMMMM	00001	00037	07	00	型パラメータ記号リスト	
java.lang.Thread	MMMMM	00001	00037	08	00	引数の型リスト	
java.lang.Thread	MMMMM	00001	00037	09	00	仮引数の変数名リスト	
java.lang.Thread	MMMMM	00001	00038	00	00	クラス名	java.lang.Thread
java.lang.Thread	MMMMM	00001	00038	01	00	アクセス修飾子	public final synchronized
java.lang.Thread	MMMMM	00001	00038	02	00	戻り値の型	void
java.lang.Thread	MMMMM	00001	00038	03	00	メソッド名	setName
java.lang.Thread	MMMMM	00001	00038	04	00	可変長引数があるか	false
java.lang.Thread	MMMMM	00001	00038	05	00	引数の個数	1
java.lang.Thread	MMMMM	00001	00038	06	00	型パラメータリスト	
java.lang.Thread	MMMMM	00001	00038	07	00	型パラメータ記号リスト	
java.lang.Thread	MMMMM	00001	00038	08	00	引数の型リスト	java.lang.String
java.lang.Thread	MMMMM	00001	00038	09	00	仮引数の変数名リスト	arg0
java.lang.Thread	MMMMM	00001	00039	00	00	クラス名	java.lang.Thread
java.lang.Thread	MMMMM	00001	00039	01	00	アクセス修飾子	public
java.lang.Thread	MMMMM	00001	00039	02	00	戻り値の型	long
java.lang.Thread	MMMMM	00001	00039	03	00	メソッド名	getId
java.lang.Thread	MMMMM	00001	00039	04	00	可変長引数があるか	false
java.lang.Thread	MMMMM	00001	00039	05	00	引数の個数	0
java.lang.Thread	MMMMM	00001	00039	06	00	型パラメータリスト	
java.lang.Thread	MMMMM	00001	00039	07	00	型パラメータ記号リスト	
java.lang.Thread	MMMMM	00001	00039	08	00	引数の型リスト	
java.lang.Thread	MMMMM	00001	00039	09	00	仮引数の変数名リスト	
java.lang.Thread	MMMMM	00001	00040	00	00	クラス名	java.lang.Thread
java.lang.Thread	MMMMM	00001	00040	01	00	アクセス修飾子	public
java.lang.Thread	MMMMM	00001	00040	02	00	戻り値の型	java.lang.Thread$State
java.lang.Thread	MMMMM	00001	00040	03	00	メソッド名	getState
java.lang.Thread	MMMMM	00001	00040	04	00	可変長引数があるか	false
java.lang.Thread	MMMMM	00001	00040	05	00	引数の個数	0
java.lang.Thread	MMMMM	00001	00040	06	00	型パラメータリスト	
java.lang.Thread	MMMMM	00001	00040	07	00	型パラメータ記号リスト	
java.lang.Thread	MMMMM	00001	00040	08	00	引数の型リスト	
java.lang.Thread	MMMMM	00001	00040	09	00	仮引数の変数名リスト	
java.lang.Thread	MMMMM	00001	00041	00	00	クラス名	java.lang.Thread
java.lang.Thread	MMMMM	00001	00041	01	00	アクセス修飾子	public static native
java.lang.Thread	MMMMM	00001	00041	02	00	戻り値の型	boolean
java.lang.Thread	MMMMM	00001	00041	03	00	メソッド名	holdsLock
java.lang.Thread	MMMMM	00001	00041	04	00	可変長引数があるか	false
java.lang.Thread	MMMMM	00001	00041	05	00	引数の個数	1
java.lang.Thread	MMMMM	00001	00041	06	00	型パラメータリスト	
java.lang.Thread	MMMMM	00001	00041	07	00	型パラメータ記号リスト	
java.lang.Thread	MMMMM	00001	00041	08	00	引数の型リスト	java.lang.Object
java.lang.Thread	MMMMM	00001	00041	09	00	仮引数の変数名リスト	arg0
java.lang.Thread	MMMMM	00001	00042	00	00	クラス名	java.lang.Thread
java.lang.Thread	MMMMM	00001	00042	01	00	アクセス修飾子	public final
java.lang.Thread	MMMMM	00001	00042	02	00	戻り値の型	void
java.lang.Thread	MMMMM	00001	00042	03	00	メソッド名	setDaemon
java.lang.Thread	MMMMM	00001	00042	04	00	可変長引数があるか	false
java.lang.Thread	MMMMM	00001	00042	05	00	引数の個数	1
java.lang.Thread	MMMMM	00001	00042	06	00	型パラメータリスト	
java.lang.Thread	MMMMM	00001	00042	07	00	型パラメータ記号リスト	
java.lang.Thread	MMMMM	00001	00042	08	00	引数の型リスト	boolean
java.lang.Thread	MMMMM	00001	00042	09	00	仮引数の変数名リスト	arg0
java.lang.Thread	MMMMM	00001	00043	00	00	クラス名	java.lang.Thread
java.lang.Thread	MMMMM	00001	00043	01	00	アクセス修飾子	public
java.lang.Thread	MMMMM	00001	00043	02	00	戻り値の型	java.lang.String
java.lang.Thread	MMMMM	00001	00043	03	00	メソッド名	toString
java.lang.Thread	MMMMM	00001	00043	04	00	可変長引数があるか	false
java.lang.Thread	MMMMM	00001	00043	05	00	引数の個数	0
java.lang.Thread	MMMMM	00001	00043	06	00	型パラメータリスト	
java.lang.Thread	MMMMM	00001	00043	07	00	型パラメータ記号リスト	
java.lang.Thread	MMMMM	00001	00043	08	00	引数の型リスト	
java.lang.Thread	MMMMM	00001	00043	09	00	仮引数の変数名リスト	
java.lang.Thread	MMMMM	00001	00044	00	00	クラス名	java.lang.Thread
java.lang.Thread	MMMMM	00001	00044	01	00	アクセス修飾子	public native
java.lang.Thread	MMMMM	00001	00044	02	00	戻り値の型	int
java.lang.Thread	MMMMM	00001	00044	03	00	メソッド名	countStackFrames
java.lang.Thread	MMMMM	00001	00044	04	00	可変長引数があるか	false
java.lang.Thread	MMMMM	00001	00044	05	00	引数の個数	0
java.lang.Thread	MMMMM	00001	00044	06	00	型パラメータリスト	
java.lang.Thread	MMMMM	00001	00044	07	00	型パラメータ記号リスト	
java.lang.Thread	MMMMM	00001	00044	08	00	引数の型リスト	
java.lang.Thread	MMMMM	00001	00044	09	00	仮引数の変数名リスト	
java.lang.Thread	MMMMM	00001	00045	00	00	クラス名	java.lang.Thread
java.lang.Thread	MMMMM	00001	00045	01	00	アクセス修飾子	public final
java.lang.Thread	MMMMM	00001	00045	02	00	戻り値の型	int
java.lang.Thread	MMMMM	00001	00045	03	00	メソッド名	getPriority
java.lang.Thread	MMMMM	00001	00045	04	00	可変長引数があるか	false
java.lang.Thread	MMMMM	00001	00045	05	00	引数の個数	0
java.lang.Thread	MMMMM	00001	00045	06	00	型パラメータリスト	
java.lang.Thread	MMMMM	00001	00045	07	00	型パラメータ記号リスト	
java.lang.Thread	MMMMM	00001	00045	08	00	引数の型リスト	
java.lang.Thread	MMMMM	00001	00045	09	00	仮引数の変数名リスト	
java.lang.Thread	MMMMM	00001	00046	00	00	クラス名	java.lang.Thread
java.lang.Thread	MMMMM	00001	00046	01	00	アクセス修飾子	public static
java.lang.Thread	MMMMM	00001	00046	02	00	戻り値の型	void
java.lang.Thread	MMMMM	00001	00046	03	00	メソッド名	dumpStack
java.lang.Thread	MMMMM	00001	00046	04	00	可変長引数があるか	false
java.lang.Thread	MMMMM	00001	00046	05	00	引数の個数	0
java.lang.Thread	MMMMM	00001	00046	06	00	型パラメータリスト	
java.lang.Thread	MMMMM	00001	00046	07	00	型パラメータ記号リスト	
java.lang.Thread	MMMMM	00001	00046	08	00	引数の型リスト	
java.lang.Thread	MMMMM	00001	00046	09	00	仮引数の変数名リスト	
java.lang.Thread	MMMMM	00001	00047	00	00	クラス名	java.lang.Thread
java.lang.Thread	MMMMM	00001	00047	01	00	アクセス修飾子	public
java.lang.Thread	MMMMM	00001	00047	02	00	戻り値の型	boolean
java.lang.Thread	MMMMM	00001	00047	03	00	メソッド名	isInterrupted
java.lang.Thread	MMMMM	00001	00047	04	00	可変長引数があるか	false
java.lang.Thread	MMMMM	00001	00047	05	00	引数の個数	0
java.lang.Thread	MMMMM	00001	00047	06	00	型パラメータリスト	
java.lang.Thread	MMMMM	00001	00047	07	00	型パラメータ記号リスト	
java.lang.Thread	MMMMM	00001	00047	08	00	引数の型リスト	
java.lang.Thread	MMMMM	00001	00047	09	00	仮引数の変数名リスト	
java.lang.Thread	MMMMM	00001	00048	00	00	クラス名	java.lang.Thread
java.lang.Thread	MMMMM	00001	00048	01	00	アクセス修飾子	public final
java.lang.Thread	MMMMM	00001	00048	02	00	戻り値の型	void
java.lang.Thread	MMMMM	00001	00048	03	00	メソッド名	resume
java.lang.Thread	MMMMM	00001	00048	04	00	可変長引数があるか	false
java.lang.Thread	MMMMM	00001	00048	05	00	引数の個数	0
java.lang.Thread	MMMMM	00001	00048	06	00	型パラメータリスト	
java.lang.Thread	MMMMM	00001	00048	07	00	型パラメータ記号リスト	
java.lang.Thread	MMMMM	00001	00048	08	00	引数の型リスト	
java.lang.Thread	MMMMM	00001	00048	09	00	仮引数の変数名リスト	
java.lang.Thread	MMMMM	00001	00049	00	00	クラス名	java.lang.Thread
java.lang.Thread	MMMMM	00001	00049	01	00	アクセス修飾子	public static
java.lang.Thread	MMMMM	00001	00049	02	00	戻り値の型	int
java.lang.Thread	MMMMM	00001	00049	03	00	メソッド名	activeCount
java.lang.Thread	MMMMM	00001	00049	04	00	可変長引数があるか	false
java.lang.Thread	MMMMM	00001	00049	05	00	引数の個数	0
java.lang.Thread	MMMMM	00001	00049	06	00	型パラメータリスト	
java.lang.Thread	MMMMM	00001	00049	07	00	型パラメータ記号リスト	
java.lang.Thread	MMMMM	00001	00049	08	00	引数の型リスト	
java.lang.Thread	MMMMM	00001	00049	09	00	仮引数の変数名リスト	
java.lang.Thread	MMMMM	00001	00050	00	00	クラス名	java.lang.Thread
java.lang.Thread	MMMMM	00001	00050	01	00	アクセス修飾子	public
java.lang.Thread	MMMMM	00001	00050	02	00	戻り値の型	java.lang.Thread$UncaughtExceptionHandler
java.lang.Thread	MMMMM	00001	00050	03	00	メソッド名	getUncaughtExceptionHandler
java.lang.Thread	MMMMM	00001	00050	04	00	可変長引数があるか	false
java.lang.Thread	MMMMM	00001	00050	05	00	引数の個数	0
java.lang.Thread	MMMMM	00001	00050	06	00	型パラメータリスト	
java.lang.Thread	MMMMM	00001	00050	07	00	型パラメータ記号リスト	
java.lang.Thread	MMMMM	00001	00050	08	00	引数の型リスト	
java.lang.Thread	MMMMM	00001	00050	09	00	仮引数の変数名リスト	
java.lang.Thread	MMMMM	00001	00051	00	00	クラス名	java.lang.Thread
java.lang.Thread	MMMMM	00001	00051	01	00	アクセス修飾子	public final native
java.lang.Thread	MMMMM	00001	00051	02	00	戻り値の型	java.lang.Class<?>
java.lang.Thread	MMMMM	00001	00051	03	00	メソッド名	getClass
java.lang.Thread	MMMMM	00001	00051	04	00	可変長引数があるか	false
java.lang.Thread	MMMMM	00001	00051	05	00	引数の個数	0
java.lang.Thread	MMMMM	00001	00051	06	00	型パラメータリスト	
java.lang.Thread	MMMMM	00001	00051	07	00	型パラメータ記号リスト	
java.lang.Thread	MMMMM	00001	00051	08	00	引数の型リスト	
java.lang.Thread	MMMMM	00001	00051	09	00	仮引数の変数名リスト	
java.lang.Thread	MMMMM	00001	00052	00	00	クラス名	java.lang.Thread
java.lang.Thread	MMMMM	00001	00052	01	00	アクセス修飾子	public synchronized
java.lang.Thread	MMMMM	00001	00052	02	00	戻り値の型	void
java.lang.Thread	MMMMM	00001	00052	03	00	メソッド名	start
java.lang.Thread	MMMMM	00001	00052	04	00	可変長引数があるか	false
java.lang.Thread	MMMMM	00001	00052	05	00	引数の個数	0
java.lang.Thread	MMMMM	00001	00052	06	00	型パラメータリスト	
java.lang.Thread	MMMMM	00001	00052	07	00	型パラメータ記号リスト	
java.lang.Thread	MMMMM	00001	00052	08	00	引数の型リスト	
java.lang.Thread	MMMMM	00001	00052	09	00	仮引数の変数名リスト	
