行番号	CCCCC-00-クラス名	CCCCC-01-定数名	MMMMM-00-クラス名	MMMMM-01-アクセス修飾子	MMMMM-02-戻り値の型	MMMMM-03-メソッド名	MMMMM-04-可変長引数があるか	MMMMM-05-引数の個数	MMMMM-06-型パラメータリスト	MMMMM-07-型パラメータ記号リスト	MMMMM-08-引数の型リスト	MMMMM-09-仮引数の変数名リスト
00001-java.time.LocalDateTime-00001-00001	java.time.LocalDateTime	MIN	java.time.LocalDateTime	public	java.time.temporal.Temporal	adjustInto	false	1			java.time.temporal.Temporal	arg0
00002-java.time.LocalDateTime-00001-00002	java.time.LocalDateTime	MAX	java.time.LocalDateTime	public	java.time.temporal.ValueRange	range	false	1			java.time.temporal.TemporalField	arg0
00003-java.time.LocalDateTime-00001-00003			java.time.LocalDateTime	public static	java.time.LocalDateTime	ofInstant	false	2			java.time.Instant,java.time.ZoneId	arg0,arg1
00004-java.time.LocalDateTime-00001-00004			java.time.LocalDateTime	public volatile	java.time.chrono.ChronoLocalDateTime	minus	false	1			java.time.temporal.TemporalAmount	arg0
00005-java.time.LocalDateTime-00001-00005			java.time.LocalDateTime	public volatile	java.time.temporal.Temporal	minus	false	1			java.time.temporal.TemporalAmount	arg0
00006-java.time.LocalDateTime-00001-00006			java.time.LocalDateTime	public	java.time.LocalDateTime	minus	false	1			java.time.temporal.TemporalAmount	arg0
00007-java.time.LocalDateTime-00001-00007			java.time.LocalDateTime	public volatile	java.time.chrono.ChronoLocalDateTime	minus	false	2			long,java.time.temporal.TemporalUnit	arg0,arg1
00008-java.time.LocalDateTime-00001-00008			java.time.LocalDateTime	public	java.time.LocalDateTime	minus	false	2			long,java.time.temporal.TemporalUnit	arg0,arg1
00009-java.time.LocalDateTime-00001-00009			java.time.LocalDateTime	public volatile	java.time.temporal.Temporal	minus	false	2			long,java.time.temporal.TemporalUnit	arg0,arg1
00010-java.time.LocalDateTime-00001-00010			java.time.LocalDateTime	public	int	getDayOfYear	false	0				
00011-java.time.LocalDateTime-00001-00011			java.time.LocalDateTime	public	long	toEpochSecond	false	1			java.time.ZoneOffset	arg0
00012-java.time.LocalDateTime-00001-00012			java.time.LocalDateTime	public	java.time.LocalDateTime	withMinute	false	1			int	arg0
00013-java.time.LocalDateTime-00001-00013			java.time.LocalDateTime	public	java.time.LocalDateTime	minusMinutes	false	1			long	arg0
00014-java.time.LocalDateTime-00001-00014			java.time.LocalDateTime	public	int	get	false	1			java.time.temporal.TemporalField	arg0
00015-java.time.LocalDateTime-00001-00015			java.time.LocalDateTime	public	java.time.LocalDateTime	withDayOfYear	false	1			int	arg0
00016-java.time.LocalDateTime-00001-00016			java.time.LocalDateTime	public	java.time.ZonedDateTime	atZone	false	1			java.time.ZoneId	arg0
00017-java.time.LocalDateTime-00001-00017			java.time.LocalDateTime	public volatile	java.time.chrono.ChronoZonedDateTime	atZone	false	1			java.time.ZoneId	arg0
00018-java.time.LocalDateTime-00001-00018			java.time.LocalDateTime	public	boolean	isBefore	false	1			java.time.chrono.ChronoLocalDateTime<?>	arg0
00019-java.time.LocalDateTime-00001-00019			java.time.LocalDateTime	public	java.time.LocalDateTime	minusDays	false	1			long	arg0
00020-java.time.LocalDateTime-00001-00020			java.time.LocalDateTime	public	int	getMonthValue	false	0				
00021-java.time.LocalDateTime-00001-00021			java.time.LocalDateTime	public	int	getSecond	false	0				
00022-java.time.LocalDateTime-00001-00022			java.time.LocalDateTime	public	java.lang.String	toString	false	0				
00023-java.time.LocalDateTime-00001-00023			java.time.LocalDateTime	public	int	getDayOfMonth	false	0				
00024-java.time.LocalDateTime-00001-00024			java.time.LocalDateTime	public	java.time.LocalDateTime	withNano	false	1			int	arg0
00025-java.time.LocalDateTime-00001-00025			java.time.LocalDateTime	public	long	getLong	false	1			java.time.temporal.TemporalField	arg0
00026-java.time.LocalDateTime-00001-00026			java.time.LocalDateTime	public	java.time.LocalDateTime	minusMonths	false	1			long	arg0
00027-java.time.LocalDateTime-00001-00027			java.time.LocalDateTime	public	java.time.LocalDate	toLocalDate	false	0				
00028-java.time.LocalDateTime-00001-00028			java.time.LocalDateTime	public volatile	java.time.chrono.ChronoLocalDate	toLocalDate	false	0				
00029-java.time.LocalDateTime-00001-00029			java.time.LocalDateTime	public final native	void	notifyAll	false	0				
00030-java.time.LocalDateTime-00001-00030			java.time.LocalDateTime	public	boolean	equals	false	1			java.lang.Object	arg0
00031-java.time.LocalDateTime-00001-00031			java.time.LocalDateTime	public static	java.time.LocalDateTime	ofEpochSecond	false	3			long,int,java.time.ZoneOffset	arg0,arg1,arg2
00032-java.time.LocalDateTime-00001-00032			java.time.LocalDateTime	public	java.time.Instant	toInstant	false	1			java.time.ZoneOffset	arg0
00033-java.time.LocalDateTime-00001-00033			java.time.LocalDateTime	public	java.time.LocalDateTime	plusHours	false	1			long	arg0
00034-java.time.LocalDateTime-00001-00034			java.time.LocalDateTime	public	int	getMinute	false	0				
00035-java.time.LocalDateTime-00001-00035			java.time.LocalDateTime	public	java.time.Month	getMonth	false	0				
00036-java.time.LocalDateTime-00001-00036			java.time.LocalDateTime	public	java.time.LocalDateTime	plusNanos	false	1			long	arg0
00037-java.time.LocalDateTime-00001-00037			java.time.LocalDateTime	public	java.time.LocalDateTime	withHour	false	1			int	arg0
00038-java.time.LocalDateTime-00001-00038			java.time.LocalDateTime	public	java.time.LocalDateTime	plusMonths	false	1			long	arg0
00039-java.time.LocalDateTime-00001-00039			java.time.LocalDateTime	public	java.time.LocalDateTime	plusYears	false	1			long	arg0
00040-java.time.LocalDateTime-00001-00040			java.time.LocalDateTime	public	java.time.LocalDateTime	withMonth	false	1			int	arg0
00041-java.time.LocalDateTime-00001-00041			java.time.LocalDateTime	public	java.time.chrono.Chronology	getChronology	false	0				
00042-java.time.LocalDateTime-00001-00042			java.time.LocalDateTime	public final native	java.lang.Class<?>	getClass	false	0				
00043-java.time.LocalDateTime-00001-00043			java.time.LocalDateTime	public	int	getYear	false	0				
00044-java.time.LocalDateTime-00001-00044			java.time.LocalDateTime	public	java.time.LocalDateTime	withYear	false	1			int	arg0
00045-java.time.LocalDateTime-00001-00045			java.time.LocalDateTime	public	java.time.LocalDateTime	plusMinutes	false	1			long	arg0
00046-java.time.LocalDateTime-00001-00046			java.time.LocalDateTime	public	java.time.LocalDateTime	minusHours	false	1			long	arg0
00047-java.time.LocalDateTime-00001-00047			java.time.LocalDateTime	public	int	getHour	false	0				
00048-java.time.LocalDateTime-00001-00048			java.time.LocalDateTime	public	java.time.LocalDateTime	plusWeeks	false	1			long	arg0
00049-java.time.LocalDateTime-00001-00049			java.time.LocalDateTime	public	java.time.LocalDateTime	plusDays	false	1			long	arg0
00050-java.time.LocalDateTime-00001-00050			java.time.LocalDateTime	public	int	hashCode	false	0				
00051-java.time.LocalDateTime-00001-00051			java.time.LocalDateTime	public static	java.time.LocalDateTime	of	false	6			int,int,int,int,int,int	arg0,arg1,arg2,arg3,arg4,arg5
00052-java.time.LocalDateTime-00001-00052			java.time.LocalDateTime	public static	java.time.LocalDateTime	of	false	2			java.time.LocalDate,java.time.LocalTime	arg0,arg1
00053-java.time.LocalDateTime-00001-00053			java.time.LocalDateTime	public static	java.time.LocalDateTime	now	false	0				
00054-java.time.LocalDateTime-00001-00054			java.time.LocalDateTime	public static	java.time.LocalDateTime	now	false	1			java.time.Clock	arg0
00055-java.time.LocalDateTime-00001-00055			java.time.LocalDateTime	public static	java.time.LocalDateTime	now	false	1			java.time.ZoneId	arg0
00056-java.time.LocalDateTime-00001-00056			java.time.LocalDateTime	public static	java.time.LocalDateTime	of	false	7			int,int,int,int,int,int,int	arg0,arg1,arg2,arg3,arg4,arg5,arg6
00057-java.time.LocalDateTime-00001-00057			java.time.LocalDateTime	public static	java.time.LocalDateTime	of	false	5			int,int,int,int,int	arg0,arg1,arg2,arg3,arg4
00058-java.time.LocalDateTime-00001-00058			java.time.LocalDateTime	public static	java.time.LocalDateTime	of	false	5			int,java.time.Month,int,int,int	arg0,arg1,arg2,arg3,arg4
00059-java.time.LocalDateTime-00001-00059			java.time.LocalDateTime	public static	java.time.LocalDateTime	of	false	6			int,java.time.Month,int,int,int,int	arg0,arg1,arg2,arg3,arg4,arg5
00060-java.time.LocalDateTime-00001-00060			java.time.LocalDateTime	public static	java.time.LocalDateTime	of	false	7			int,java.time.Month,int,int,int,int,int	arg0,arg1,arg2,arg3,arg4,arg5,arg6
00061-java.time.LocalDateTime-00001-00061			java.time.LocalDateTime	public	java.time.LocalDateTime	minusWeeks	false	1			long	arg0
00062-java.time.LocalDateTime-00001-00062			java.time.LocalDateTime	public static	java.time.LocalDateTime	parse	false	2			java.lang.CharSequence,java.time.format.DateTimeFormatter	arg0,arg1
00063-java.time.LocalDateTime-00001-00063			java.time.LocalDateTime	public static	java.time.LocalDateTime	parse	false	1			java.lang.CharSequence	arg0
00064-java.time.LocalDateTime-00001-00064			java.time.LocalDateTime	public	java.time.LocalDateTime	minusYears	false	1			long	arg0
00065-java.time.LocalDateTime-00001-00065			java.time.LocalDateTime	public	java.time.OffsetDateTime	atOffset	false	1			java.time.ZoneOffset	arg0
00066-java.time.LocalDateTime-00001-00066			java.time.LocalDateTime	public	long	until	false	2			java.time.temporal.Temporal,java.time.temporal.TemporalUnit	arg0,arg1
00067-java.time.LocalDateTime-00001-00067			java.time.LocalDateTime	public	java.time.LocalDateTime	minusSeconds	false	1			long	arg0
00068-java.time.LocalDateTime-00001-00068			java.time.LocalDateTime	public final native	void	notify	false	0				
00069-java.time.LocalDateTime-00001-00069			java.time.LocalDateTime	public	java.time.LocalDateTime	withSecond	false	1			int	arg0
00070-java.time.LocalDateTime-00001-00070			java.time.LocalDateTime	public final native	void	wait	false	1			long	arg0
00071-java.time.LocalDateTime-00001-00071			java.time.LocalDateTime	public final	void	wait	false	2			long,int	arg0,arg1
00072-java.time.LocalDateTime-00001-00072			java.time.LocalDateTime	public final	void	wait	false	0				
00073-java.time.LocalDateTime-00001-00073			java.time.LocalDateTime	public	java.time.LocalDateTime	with	false	2			java.time.temporal.TemporalField,long	arg0,arg1
00074-java.time.LocalDateTime-00001-00074			java.time.LocalDateTime	public volatile	java.time.chrono.ChronoLocalDateTime	with	false	2			java.time.temporal.TemporalField,long	arg0,arg1
00075-java.time.LocalDateTime-00001-00075			java.time.LocalDateTime	public volatile	java.time.temporal.Temporal	with	false	2			java.time.temporal.TemporalField,long	arg0,arg1
00076-java.time.LocalDateTime-00001-00076			java.time.LocalDateTime	public	java.time.LocalDateTime	with	false	1			java.time.temporal.TemporalAdjuster	arg0
00077-java.time.LocalDateTime-00001-00077			java.time.LocalDateTime	public volatile	java.time.chrono.ChronoLocalDateTime	with	false	1			java.time.temporal.TemporalAdjuster	arg0
00078-java.time.LocalDateTime-00001-00078			java.time.LocalDateTime	public volatile	java.time.temporal.Temporal	with	false	1			java.time.temporal.TemporalAdjuster	arg0
00079-java.time.LocalDateTime-00001-00079			java.time.LocalDateTime	public	java.time.LocalTime	toLocalTime	false	0				
00080-java.time.LocalDateTime-00001-00080			java.time.LocalDateTime	public	int	compareTo	false	1			java.time.chrono.ChronoLocalDateTime<?>	arg0
00081-java.time.LocalDateTime-00001-00081			java.time.LocalDateTime	public volatile	int	compareTo	false	1			java.lang.Object	arg0
00082-java.time.LocalDateTime-00001-00082			java.time.LocalDateTime	public	boolean	isEqual	false	1			java.time.chrono.ChronoLocalDateTime<?>	arg0
00083-java.time.LocalDateTime-00001-00083			java.time.LocalDateTime	public	java.time.LocalDateTime	plusSeconds	false	1			long	arg0
00084-java.time.LocalDateTime-00001-00084			java.time.LocalDateTime	public static	java.time.LocalDateTime	from	false	1			java.time.temporal.TemporalAccessor	arg0
00085-java.time.LocalDateTime-00001-00085			java.time.LocalDateTime	public	java.time.DayOfWeek	getDayOfWeek	false	0				
00086-java.time.LocalDateTime-00001-00086			java.time.LocalDateTime	public	int	getNano	false	0				
00087-java.time.LocalDateTime-00001-00087			java.time.LocalDateTime	public	java.time.LocalDateTime	minusNanos	false	1			long	arg0
00088-java.time.LocalDateTime-00001-00088			java.time.LocalDateTime	public	java.lang.String	format	false	1			java.time.format.DateTimeFormatter	arg0
00089-java.time.LocalDateTime-00001-00089			java.time.LocalDateTime	public	boolean	isSupported	false	1			java.time.temporal.TemporalUnit	arg0
00090-java.time.LocalDateTime-00001-00090			java.time.LocalDateTime	public	boolean	isSupported	false	1			java.time.temporal.TemporalField	arg0
00091-java.time.LocalDateTime-00001-00091			java.time.LocalDateTime	public volatile	java.time.chrono.ChronoLocalDateTime	plus	false	2			long,java.time.temporal.TemporalUnit	arg0,arg1
00092-java.time.LocalDateTime-00001-00092			java.time.LocalDateTime	public	java.time.LocalDateTime	plus	false	2			long,java.time.temporal.TemporalUnit	arg0,arg1
00093-java.time.LocalDateTime-00001-00093			java.time.LocalDateTime	public volatile	java.time.temporal.Temporal	plus	false	2			long,java.time.temporal.TemporalUnit	arg0,arg1
00094-java.time.LocalDateTime-00001-00094			java.time.LocalDateTime	public volatile	java.time.chrono.ChronoLocalDateTime	plus	false	1			java.time.temporal.TemporalAmount	arg0
00095-java.time.LocalDateTime-00001-00095			java.time.LocalDateTime	public volatile	java.time.temporal.Temporal	plus	false	1			java.time.temporal.TemporalAmount	arg0
00096-java.time.LocalDateTime-00001-00096			java.time.LocalDateTime	public	java.time.LocalDateTime	plus	false	1			java.time.temporal.TemporalAmount	arg0
00097-java.time.LocalDateTime-00001-00097			java.time.LocalDateTime	public	java.time.LocalDateTime	truncatedTo	false	1			java.time.temporal.TemporalUnit	arg0
00098-java.time.LocalDateTime-00001-00098			java.time.LocalDateTime	public	R	query	false	1	java.lang.Object	R	java.time.temporal.TemporalQuery<R>	arg0
00099-java.time.LocalDateTime-00001-00099			java.time.LocalDateTime	public	java.time.LocalDateTime	withDayOfMonth	false	1			int	arg0
00100-java.time.LocalDateTime-00001-00100			java.time.LocalDateTime	public	boolean	isAfter	false	1			java.time.chrono.ChronoLocalDateTime<?>	arg0
