行番号	CCCCC~00000~クラス名	CCCCC~00001~定数名	MMMMM~00000~クラス名	MMMMM~00001~アクセス修飾子	MMMMM~00002~戻り値の型	MMMMM~00003~メソッド名	MMMMM~00004~可変長引数があるか	MMMMM~00005~引数の個数	MMMMM~00006~型パラメータリスト	MMMMM~00007~型パラメータ記号リスト	MMMMM~00008~引数の型リスト	MMMMM~00009~仮引数の変数名リスト
MeCab.jar~00001~00001___00001			org.chasen.mecab.MeCabJNI	public static final native	int	MECAB_PARTIAL_get	false	0				
MeCab.jar~00001~00002___00002			org.chasen.mecab.MeCabJNI	public static final native	long	Lattice_begin_nodes	false	3			long,org.chasen.mecab.Lattice,long	arg0,arg1,arg2
MeCab.jar~00001~00003___00003			org.chasen.mecab.MeCabJNI	public static final native	boolean	Tagger_partial	false	2			long,org.chasen.mecab.Tagger	arg0,arg1
MeCab.jar~00001~00004___00004			org.chasen.mecab.MeCabJNI	public static final native	long	new_Tagger__SWIG_0	false	1			java.lang.String	arg0
MeCab.jar~00001~00005___00005			org.chasen.mecab.MeCabJNI	public static final native	long	new_Tagger__SWIG_1	false	0				
MeCab.jar~00001~00006___00006			org.chasen.mecab.MeCabJNI	public static final native	long	DictionaryInfo_size_get	false	2			long,org.chasen.mecab.DictionaryInfo	arg0,arg1
MeCab.jar~00001~00007___00007			org.chasen.mecab.MeCabJNI	public static final native	void	delete_Model	false	1			long	arg0
MeCab.jar~00001~00008___00008			org.chasen.mecab.MeCabJNI	public static final native	long	Node_prev_get	false	2			long,org.chasen.mecab.Node	arg0,arg1
MeCab.jar~00001~00009___00009			org.chasen.mecab.MeCabJNI	public static final native	long	Node_lpath_get	false	2			long,org.chasen.mecab.Node	arg0,arg1
MeCab.jar~00001~00010___00010			org.chasen.mecab.MeCabJNI	public static final native	long	Model_createTagger	false	2			long,org.chasen.mecab.Model	arg0,arg1
MeCab.jar~00001~00011___00011			org.chasen.mecab.MeCabJNI	public static final native	short	Node_char_type_get	false	2			long,org.chasen.mecab.Node	arg0,arg1
MeCab.jar~00001~00012___00012			org.chasen.mecab.MeCabJNI	public static final native	long	Lattice_end_nodes	false	3			long,org.chasen.mecab.Lattice,long	arg0,arg1,arg2
MeCab.jar~00001~00013___00013			org.chasen.mecab.MeCabJNI	public static final native	float	Lattice_theta	false	2			long,org.chasen.mecab.Lattice	arg0,arg1
MeCab.jar~00001~00014___00014			org.chasen.mecab.MeCabJNI	public static final native	void	Lattice_set_feature_constraint	false	5			long,org.chasen.mecab.Lattice,long,long,java.lang.String	arg0,arg1,arg2,arg3,arg4
MeCab.jar~00001~00015___00015			org.chasen.mecab.MeCabJNI	public static final native	long	Tagger_parseToNode	false	3			long,org.chasen.mecab.Tagger,java.lang.String	arg0,arg1,arg2
MeCab.jar~00001~00016___00016			org.chasen.mecab.MeCabJNI	public static final native	void	Lattice_set_result	false	3			long,org.chasen.mecab.Lattice,java.lang.String	arg0,arg1,arg2
MeCab.jar~00001~00017___00017			org.chasen.mecab.MeCabJNI	public static final native	int	MECAB_SYS_DIC_get	false	0				
MeCab.jar~00001~00018___00018			org.chasen.mecab.MeCabJNI	public static final native	void	Lattice_set_Z	false	3			long,org.chasen.mecab.Lattice,double	arg0,arg1,arg2
MeCab.jar~00001~00019___00019			org.chasen.mecab.MeCabJNI	public static final native	long	Tagger_dictionary_info	false	2			long,org.chasen.mecab.Tagger	arg0,arg1
MeCab.jar~00001~00020___00020			org.chasen.mecab.MeCabJNI	public static final native	boolean	Lattice_is_available	false	2			long,org.chasen.mecab.Lattice	arg0,arg1
MeCab.jar~00001~00021___00021			org.chasen.mecab.MeCabJNI	public static final native	java.lang.String	Lattice_enumNBestAsString	false	3			long,org.chasen.mecab.Lattice,long	arg0,arg1,arg2
MeCab.jar~00001~00022___00022			org.chasen.mecab.MeCabJNI	public static final native	void	Lattice_set_what	false	3			long,org.chasen.mecab.Lattice,java.lang.String	arg0,arg1,arg2
MeCab.jar~00001~00023___00023			org.chasen.mecab.MeCabJNI	public static final native	long	DictionaryInfo_lsize_get	false	2			long,org.chasen.mecab.DictionaryInfo	arg0,arg1
MeCab.jar~00001~00024___00024			org.chasen.mecab.MeCabJNI	public static final native	boolean	Tagger_parseNBestInit	false	3			long,org.chasen.mecab.Tagger,java.lang.String	arg0,arg1,arg2
MeCab.jar~00001~00025___00025			org.chasen.mecab.MeCabJNI	public static final native	long	Lattice_eos_node	false	2			long,org.chasen.mecab.Lattice	arg0,arg1
MeCab.jar~00001~00026___00026			org.chasen.mecab.MeCabJNI	public static final native	int	MECAB_INSIDE_TOKEN_get	false	0				
MeCab.jar~00001~00027___00027			org.chasen.mecab.MeCabJNI	public static final native	short	Node_stat_get	false	2			long,org.chasen.mecab.Node	arg0,arg1
MeCab.jar~00001~00028___00028			org.chasen.mecab.MeCabJNI	public native	int	hashCode	false	0				
MeCab.jar~00001~00029___00029			org.chasen.mecab.MeCabJNI	public static final native	void	Node_prob_set	false	3			long,org.chasen.mecab.Node,float	arg0,arg1,arg2
MeCab.jar~00001~00030___00030			org.chasen.mecab.MeCabJNI	public static final native	java.lang.String	DictionaryInfo_charset_get	false	2			long,org.chasen.mecab.DictionaryInfo	arg0,arg1
MeCab.jar~00001~00031___00031			org.chasen.mecab.MeCabJNI	public static final native	float	Node_prob_get	false	2			long,org.chasen.mecab.Node	arg0,arg1
MeCab.jar~00001~00032___00032			org.chasen.mecab.MeCabJNI	public static final native	boolean	Model_swap	false	4			long,org.chasen.mecab.Model,long,org.chasen.mecab.Model	arg0,arg1,arg2,arg3
MeCab.jar~00001~00033___00033			org.chasen.mecab.MeCabJNI	public static final native	void	Tagger_set_all_morphs	false	3			long,org.chasen.mecab.Tagger,boolean	arg0,arg1,arg2
MeCab.jar~00001~00034___00034			org.chasen.mecab.MeCabJNI	public static final native	void	delete_Tagger	false	1			long	arg0
MeCab.jar~00001~00035___00035			org.chasen.mecab.MeCabJNI	public static final native	int	Path_cost_get	false	2			long,org.chasen.mecab.Path	arg0,arg1
MeCab.jar~00001~00036___00036			org.chasen.mecab.MeCabJNI	public final native	void	notifyAll	false	0				
MeCab.jar~00001~00037___00037			org.chasen.mecab.MeCabJNI	public static final native	int	Node_rlength_get	false	2			long,org.chasen.mecab.Node	arg0,arg1
MeCab.jar~00001~00038___00038			org.chasen.mecab.MeCabJNI	public static final native	java.lang.String	Lattice_feature_constraint	false	3			long,org.chasen.mecab.Lattice,long	arg0,arg1,arg2
MeCab.jar~00001~00039___00039			org.chasen.mecab.MeCabJNI	public static final native	int	MECAB_ALL_MORPHS_get	false	0				
MeCab.jar~00001~00040___00040			org.chasen.mecab.MeCabJNI	public static final native	java.lang.String	VERSION_get	false	0				
MeCab.jar~00001~00041___00041			org.chasen.mecab.MeCabJNI	public static final native	int	MECAB_ONE_BEST_get	false	0				
MeCab.jar~00001~00042___00042			org.chasen.mecab.MeCabJNI	public static final native	int	Lattice_boundary_constraint	false	3			long,org.chasen.mecab.Lattice,long	arg0,arg1,arg2
MeCab.jar~00001~00043___00043			org.chasen.mecab.MeCabJNI	public static final native	long	new_Model__SWIG_0	false	1			java.lang.String	arg0
MeCab.jar~00001~00044___00044			org.chasen.mecab.MeCabJNI	public static final native	long	new_Model__SWIG_1	false	0				
MeCab.jar~00001~00045___00045			org.chasen.mecab.MeCabJNI	public static final native	int	Node_cost_get	false	2			long,org.chasen.mecab.Node	arg0,arg1
MeCab.jar~00001~00046___00046			org.chasen.mecab.MeCabJNI	public static final native	short	Node_isbest_get	false	2			long,org.chasen.mecab.Node	arg0,arg1
MeCab.jar~00001~00047___00047			org.chasen.mecab.MeCabJNI	public static final native	void	Lattice_set_theta	false	3			long,org.chasen.mecab.Lattice,float	arg0,arg1,arg2
MeCab.jar~00001~00048___00048			org.chasen.mecab.MeCabJNI	public static final native	long	Model_dictionary_info	false	2			long,org.chasen.mecab.Model	arg0,arg1
MeCab.jar~00001~00049___00049			org.chasen.mecab.MeCabJNI	public static final native	java.lang.String	DictionaryInfo_filename_get	false	2			long,org.chasen.mecab.DictionaryInfo	arg0,arg1
MeCab.jar~00001~00050___00050			org.chasen.mecab.MeCabJNI	public static final native	boolean	Lattice_next	false	2			long,org.chasen.mecab.Lattice	arg0,arg1
MeCab.jar~00001~00051___00051			org.chasen.mecab.MeCabJNI	public static final native	java.lang.String	Tagger_formatNode	false	4			long,org.chasen.mecab.Tagger,long,org.chasen.mecab.Node	arg0,arg1,arg2,arg3
MeCab.jar~00001~00052___00052			org.chasen.mecab.MeCabJNI	public static final native	long	Model_lookup	false	6			long,org.chasen.mecab.Model,java.lang.String,java.lang.String,long,org.chasen.mecab.Lattice	arg0,arg1,arg2,arg3,arg4,arg5
MeCab.jar~00001~00053___00053			org.chasen.mecab.MeCabJNI	public static final native	int	MECAB_UNK_NODE_get	false	0				
MeCab.jar~00001~00054___00054			org.chasen.mecab.MeCabJNI	public static final native	float	Node_beta_get	false	2			long,org.chasen.mecab.Node	arg0,arg1
MeCab.jar~00001~00055___00055			org.chasen.mecab.MeCabJNI	public static final native	double	Lattice_Z	false	2			long,org.chasen.mecab.Lattice	arg0,arg1
MeCab.jar~00001~00056___00056			org.chasen.mecab.MeCabJNI	public static final native	int	MECAB_EOS_NODE_get	false	0				
MeCab.jar~00001~00057___00057			org.chasen.mecab.MeCabJNI	public static final native	int	Tagger_lattice_level	false	2			long,org.chasen.mecab.Tagger	arg0,arg1
MeCab.jar~00001~00058___00058			org.chasen.mecab.MeCabJNI	public static final native	java.lang.String	Tagger_parse__SWIG_2	false	3			long,org.chasen.mecab.Tagger,java.lang.String	arg0,arg1,arg2
MeCab.jar~00001~00059___00059			org.chasen.mecab.MeCabJNI	public static final native	boolean	Tagger_all_morphs	false	2			long,org.chasen.mecab.Tagger	arg0,arg1
MeCab.jar~00001~00060___00060			org.chasen.mecab.MeCabJNI	public static final native	int	Model_transition_cost	false	4			long,org.chasen.mecab.Model,int,int	arg0,arg1,arg2,arg3
MeCab.jar~00001~00061___00061			org.chasen.mecab.MeCabJNI	public static final native	boolean	Tagger_parse__SWIG_1	false	4			long,org.chasen.mecab.Tagger,long,org.chasen.mecab.Lattice	arg0,arg1,arg2,arg3
MeCab.jar~00001~00062___00062			org.chasen.mecab.MeCabJNI	public static final native	void	Lattice_set_boundary_constraint	false	4			long,org.chasen.mecab.Lattice,long,int	arg0,arg1,arg2,arg3
MeCab.jar~00001~00063___00063			org.chasen.mecab.MeCabJNI	public static final native	boolean	Tagger_parse__SWIG_0	false	4			long,org.chasen.mecab.Model,long,org.chasen.mecab.Lattice	arg0,arg1,arg2,arg3
MeCab.jar~00001~00064___00064			org.chasen.mecab.MeCabJNI	public static final native	long	Node_next_get	false	2			long,org.chasen.mecab.Node	arg0,arg1
MeCab.jar~00001~00065___00065			org.chasen.mecab.MeCabJNI	public static final native	java.lang.String	Lattice_what	false	2			long,org.chasen.mecab.Lattice	arg0,arg1
MeCab.jar~00001~00066___00066			org.chasen.mecab.MeCabJNI	public static final native	int	MECAB_ANY_BOUNDARY_get	false	0				
MeCab.jar~00001~00067___00067			org.chasen.mecab.MeCabJNI	public static final native	void	Path_prob_set	false	3			long,org.chasen.mecab.Path,float	arg0,arg1,arg2
MeCab.jar~00001~00068___00068			org.chasen.mecab.MeCabJNI	public static final native	java.lang.String	Node_surface_get	false	2			long,org.chasen.mecab.Node	arg0,arg1
MeCab.jar~00001~00069___00069			org.chasen.mecab.MeCabJNI	public static final native	void	Tagger_set_request_type	false	3			long,org.chasen.mecab.Tagger,int	arg0,arg1,arg2
MeCab.jar~00001~00070___00070			org.chasen.mecab.MeCabJNI	public static final native	int	MECAB_NOR_NODE_get	false	0				
MeCab.jar~00001~00071___00071			org.chasen.mecab.MeCabJNI	public static final native	int	DictionaryInfo_type_get	false	2			long,org.chasen.mecab.DictionaryInfo	arg0,arg1
MeCab.jar~00001~00072___00072			org.chasen.mecab.MeCabJNI	public static final native	long	new_DictionaryInfo	false	0				
MeCab.jar~00001~00073___00073			org.chasen.mecab.MeCabJNI	public static final native	float	Path_prob_get	false	2			long,org.chasen.mecab.Path	arg0,arg1
MeCab.jar~00001~00074___00074			org.chasen.mecab.MeCabJNI	public static final native	long	Path_rnext_get	false	2			long,org.chasen.mecab.Path	arg0,arg1
MeCab.jar~00001~00075___00075			org.chasen.mecab.MeCabJNI	public static final native	int	DictionaryInfo_version_get	false	2			long,org.chasen.mecab.DictionaryInfo	arg0,arg1
MeCab.jar~00001~00076___00076			org.chasen.mecab.MeCabJNI	public static final native	long	DictionaryInfo_next_get	false	2			long,org.chasen.mecab.DictionaryInfo	arg0,arg1
MeCab.jar~00001~00077___00077			org.chasen.mecab.MeCabJNI	public static final native	long	Tagger_create__SWIG_0	false	2			int,long	arg0,arg1
MeCab.jar~00001~00078___00078			org.chasen.mecab.MeCabJNI	public static final native	long	Tagger_create__SWIG_1	false	1			java.lang.String	arg0
MeCab.jar~00001~00079___00079			org.chasen.mecab.MeCabJNI	public final native	java.lang.Class<?>	getClass	false	0				
MeCab.jar~00001~00080___00080			org.chasen.mecab.MeCabJNI	public static final native	long	Model_createLattice	false	2			long,org.chasen.mecab.Model	arg0,arg1
MeCab.jar~00001~00081___00081			org.chasen.mecab.MeCabJNI	public static final native	void	Tagger_set_lattice_level	false	3			long,org.chasen.mecab.Tagger,int	arg0,arg1,arg2
MeCab.jar~00001~00082___00082			org.chasen.mecab.MeCabJNI	public	java.lang.String	toString	false	0				
MeCab.jar~00001~00083___00083			org.chasen.mecab.MeCabJNI	public static final native	void	Lattice_remove_request_type	false	3			long,org.chasen.mecab.Lattice,int	arg0,arg1,arg2
MeCab.jar~00001~00084___00084			org.chasen.mecab.MeCabJNI	public static final native	java.lang.String	Tagger_parseNBest	false	4			long,org.chasen.mecab.Tagger,long,java.lang.String	arg0,arg1,arg2,arg3
MeCab.jar~00001~00085___00085			org.chasen.mecab.MeCabJNI	public static final native	int	MECAB_BOS_NODE_get	false	0				
MeCab.jar~00001~00086___00086			org.chasen.mecab.MeCabJNI	public static final native	float	Node_alpha_get	false	2			long,org.chasen.mecab.Node	arg0,arg1
MeCab.jar~00001~00087___00087			org.chasen.mecab.MeCabJNI	public static final native	long	Path_lnode_get	false	2			long,org.chasen.mecab.Path	arg0,arg1
MeCab.jar~00001~00088___00088			org.chasen.mecab.MeCabJNI	public	boolean	equals	false	1			java.lang.Object	arg0
MeCab.jar~00001~00089___00089			org.chasen.mecab.MeCabJNI	public static final native	long	DictionaryInfo_rsize_get	false	2			long,org.chasen.mecab.DictionaryInfo	arg0,arg1
MeCab.jar~00001~00090___00090			org.chasen.mecab.MeCabJNI	public static final native	int	Node_length_get	false	2			long,org.chasen.mecab.Node	arg0,arg1
MeCab.jar~00001~00091___00091			org.chasen.mecab.MeCabJNI	public static final native	long	new_Lattice	false	0				
MeCab.jar~00001~00092___00092			org.chasen.mecab.MeCabJNI	public static final native	java.lang.String	Tagger_parseToString__SWIG_1	false	3			long,org.chasen.mecab.Tagger,java.lang.String	arg0,arg1,arg2
MeCab.jar~00001~00093___00093			org.chasen.mecab.MeCabJNI	public static final native	long	Node_bnext_get	false	2			long,org.chasen.mecab.Node	arg0,arg1
MeCab.jar~00001~00094___00094			org.chasen.mecab.MeCabJNI	public static final native	java.lang.String	Tagger_parseToString__SWIG_0	false	4			long,org.chasen.mecab.Tagger,java.lang.String,long	arg0,arg1,arg2,arg3
MeCab.jar~00001~00095___00095			org.chasen.mecab.MeCabJNI	public static final native	long	Tagger_nextNode	false	2			long,org.chasen.mecab.Tagger	arg0,arg1
MeCab.jar~00001~00096___00096			org.chasen.mecab.MeCabJNI	public static final native	long	Lattice_size	false	2			long,org.chasen.mecab.Lattice	arg0,arg1
MeCab.jar~00001~00097___00097			org.chasen.mecab.MeCabJNI	public static final native	java.lang.String	Tagger_version	false	0				
MeCab.jar~00001~00098___00098			org.chasen.mecab.MeCabJNI	public static final native	long	Lattice_newNode	false	2			long,org.chasen.mecab.Lattice	arg0,arg1
MeCab.jar~00001~00099___00099			org.chasen.mecab.MeCabJNI	public static final native	int	MECAB_USR_DIC_get	false	0				
MeCab.jar~00001~00100___00100			org.chasen.mecab.MeCabJNI	public static final native	void	Lattice_set_request_type	false	3			long,org.chasen.mecab.Lattice,int	arg0,arg1,arg2
MeCab.jar~00001~00101___00101			org.chasen.mecab.MeCabJNI	public static final native	void	Lattice_set_sentence	false	3			long,org.chasen.mecab.Lattice,java.lang.String	arg0,arg1,arg2
MeCab.jar~00001~00102___00102			org.chasen.mecab.MeCabJNI	public static final native	int	MECAB_EON_NODE_get	false	0				
MeCab.jar~00001~00103___00103			org.chasen.mecab.MeCabJNI	public static final native	int	Lattice_request_type	false	2			long,org.chasen.mecab.Lattice	arg0,arg1
MeCab.jar~00001~00104___00104			org.chasen.mecab.MeCabJNI	public final native	void	notify	false	0				
MeCab.jar~00001~00105___00105			org.chasen.mecab.MeCabJNI	public final native	void	wait	false	1			long	arg0
MeCab.jar~00001~00106___00106			org.chasen.mecab.MeCabJNI	public final	void	wait	false	2			long,int	arg0,arg1
MeCab.jar~00001~00107___00107			org.chasen.mecab.MeCabJNI	public final	void	wait	false	0				
MeCab.jar~00001~00108___00108			org.chasen.mecab.MeCabJNI	public static final native	void	delete_Lattice	false	1			long	arg0
MeCab.jar~00001~00109___00109			org.chasen.mecab.MeCabJNI	public static final native	long	Lattice_bos_node	false	2			long,org.chasen.mecab.Lattice	arg0,arg1
MeCab.jar~00001~00110___00110			org.chasen.mecab.MeCabJNI	public static final native	int	MECAB_ALLOCATE_SENTENCE_get	false	0				
MeCab.jar~00001~00111___00111			org.chasen.mecab.MeCabJNI	public static final native	java.lang.String	Tagger_next	false	2			long,org.chasen.mecab.Tagger	arg0,arg1
MeCab.jar~00001~00112___00112			org.chasen.mecab.MeCabJNI	public static final native	int	Node_posid_get	false	2			long,org.chasen.mecab.Node	arg0,arg1
MeCab.jar~00001~00113___00113			org.chasen.mecab.MeCabJNI	public static final native	int	Tagger_request_type	false	2			long,org.chasen.mecab.Tagger	arg0,arg1
MeCab.jar~00001~00114___00114			org.chasen.mecab.MeCabJNI	public static final native	long	Model_create__SWIG_1	false	1			java.lang.String	arg0
MeCab.jar~00001~00115___00115			org.chasen.mecab.MeCabJNI	public static final native	long	Model_create__SWIG_0	false	2			int,long	arg0,arg1
MeCab.jar~00001~00116___00116			org.chasen.mecab.MeCabJNI	public static final native	void	Lattice_clear	false	2			long,org.chasen.mecab.Lattice	arg0,arg1
MeCab.jar~00001~00117___00117			org.chasen.mecab.MeCabJNI	public static final native	long	Node_enext_get	false	2			long,org.chasen.mecab.Node	arg0,arg1
MeCab.jar~00001~00118___00118			org.chasen.mecab.MeCabJNI	public static final native	short	Node_wcost_get	false	2			long,org.chasen.mecab.Node	arg0,arg1
MeCab.jar~00001~00119___00119			org.chasen.mecab.MeCabJNI	public static final native	int	MECAB_TOKEN_BOUNDARY_get	false	0				
MeCab.jar~00001~00120___00120			org.chasen.mecab.MeCabJNI	public static final native	void	Tagger_set_theta	false	3			long,org.chasen.mecab.Tagger,float	arg0,arg1,arg2
MeCab.jar~00001~00121___00121			org.chasen.mecab.MeCabJNI	public static final native	boolean	Lattice_has_request_type	false	3			long,org.chasen.mecab.Lattice,int	arg0,arg1,arg2
MeCab.jar~00001~00122___00122			org.chasen.mecab.MeCabJNI	public static final native	int	Node_lcAttr_get	false	2			long,org.chasen.mecab.Node	arg0,arg1
MeCab.jar~00001~00123___00123			org.chasen.mecab.MeCabJNI	public static final native	int	Node_rcAttr_get	false	2			long,org.chasen.mecab.Node	arg0,arg1
MeCab.jar~00001~00124___00124			org.chasen.mecab.MeCabJNI	public static final native	void	Lattice_add_request_type	false	3			long,org.chasen.mecab.Lattice,int	arg0,arg1,arg2
MeCab.jar~00001~00125___00125			org.chasen.mecab.MeCabJNI	public static final native	java.lang.String	Lattice_sentence	false	2			long,org.chasen.mecab.Lattice	arg0,arg1
MeCab.jar~00001~00126___00126			org.chasen.mecab.MeCabJNI	public static final native	float	Tagger_theta	false	2			long,org.chasen.mecab.Tagger	arg0,arg1
MeCab.jar~00001~00127___00127			org.chasen.mecab.MeCabJNI	public static final native	boolean	Lattice_has_constraint	false	2			long,org.chasen.mecab.Lattice	arg0,arg1
MeCab.jar~00001~00128___00128			org.chasen.mecab.MeCabJNI	public static final native	java.lang.String	Node_feature_get	false	2			long,org.chasen.mecab.Node	arg0,arg1
MeCab.jar~00001~00129___00129			org.chasen.mecab.MeCabJNI	public static final native	int	MECAB_ALTERNATIVE_get	false	0				
MeCab.jar~00001~00130___00130			org.chasen.mecab.MeCabJNI	public static final native	int	MECAB_NBEST_get	false	0				
MeCab.jar~00001~00131___00131			org.chasen.mecab.MeCabJNI	public static final native	int	MECAB_MARGINAL_PROB_get	false	0				
MeCab.jar~00001~00132___00132			org.chasen.mecab.MeCabJNI	public static final native	java.lang.String	Lattice_toString__SWIG_0	false	2			long,org.chasen.mecab.Lattice	arg0,arg1
MeCab.jar~00001~00133___00133			org.chasen.mecab.MeCabJNI	public static final native	java.lang.String	Lattice_toString__SWIG_1	false	4			long,org.chasen.mecab.Lattice,long,org.chasen.mecab.Node	arg0,arg1,arg2,arg3
MeCab.jar~00001~00134___00134			org.chasen.mecab.MeCabJNI	public static final native	long	Path_rnode_get	false	2			long,org.chasen.mecab.Path	arg0,arg1
MeCab.jar~00001~00135___00135			org.chasen.mecab.MeCabJNI	public static final native	long	Path_lnext_get	false	2			long,org.chasen.mecab.Path	arg0,arg1
MeCab.jar~00001~00136___00136			org.chasen.mecab.MeCabJNI	public static final native	java.lang.String	Tagger_what	false	2			long,org.chasen.mecab.Tagger	arg0,arg1
MeCab.jar~00001~00137___00137			org.chasen.mecab.MeCabJNI	public static final native	long	Node_rpath_get	false	2			long,org.chasen.mecab.Node	arg0,arg1
MeCab.jar~00001~00138___00138			org.chasen.mecab.MeCabJNI	public static final native	void	Tagger_set_partial	false	3			long,org.chasen.mecab.Tagger,boolean	arg0,arg1,arg2
MeCab.jar~00001~00139___00139			org.chasen.mecab.MeCabJNI	public static final native	java.lang.String	Model_version	false	0				
MeCab.jar~00001~00140___00140			org.chasen.mecab.MeCabJNI	public static final native	long	Node_id_get	false	2			long,org.chasen.mecab.Node	arg0,arg1
MeCab.jar~00001~00141___00141			org.chasen.mecab.MeCabJNI	public static final native	void	delete_DictionaryInfo	false	1			long	arg0
MeCab.jar~00001~00142___00142			org.chasen.mecab.MeCabJNI	public static final native	int	MECAB_UNK_DIC_get	false	0				
MeCab.jar~00002~00001___00143			org.chasen.mecab.Model	public	java.lang.String	toString	false	0				
MeCab.jar~00002~00002___00144			org.chasen.mecab.Model	public	boolean	swap	false	1			org.chasen.mecab.Model	arg0
MeCab.jar~00002~00003___00145			org.chasen.mecab.Model	public	org.chasen.mecab.Node	lookup	false	3			java.lang.String,java.lang.String,org.chasen.mecab.Lattice	arg0,arg1,arg2
MeCab.jar~00002~00004___00146			org.chasen.mecab.Model	public	int	transition_cost	false	2			int,int	arg0,arg1
MeCab.jar~00002~00005___00147			org.chasen.mecab.Model	public static	java.lang.String	version	false	0				
MeCab.jar~00002~00006___00148			org.chasen.mecab.Model	public synchronized	void	delete	false	0				
MeCab.jar~00002~00007___00149			org.chasen.mecab.Model	public native	int	hashCode	false	0				
MeCab.jar~00002~00008___00150			org.chasen.mecab.Model	public	boolean	equals	false	1			java.lang.Object	arg0
MeCab.jar~00002~00009___00151			org.chasen.mecab.Model	public	org.chasen.mecab.DictionaryInfo	dictionary_info	false	0				
MeCab.jar~00002~00010___00152			org.chasen.mecab.Model	public final native	void	notify	false	0				
MeCab.jar~00002~00011___00153			org.chasen.mecab.Model	public final native	void	wait	false	1			long	arg0
MeCab.jar~00002~00012___00154			org.chasen.mecab.Model	public final	void	wait	false	2			long,int	arg0,arg1
MeCab.jar~00002~00013___00155			org.chasen.mecab.Model	public final	void	wait	false	0				
MeCab.jar~00002~00014___00156			org.chasen.mecab.Model	public	org.chasen.mecab.Lattice	createLattice	false	0				
MeCab.jar~00002~00015___00157			org.chasen.mecab.Model	public static	long	getCPtr	false	1			org.chasen.mecab.Model	arg0
MeCab.jar~00002~00016___00158			org.chasen.mecab.Model	public final native	java.lang.Class<?>	getClass	false	0				
MeCab.jar~00002~00017___00159			org.chasen.mecab.Model	public final native	void	notifyAll	false	0				
MeCab.jar~00002~00018___00160			org.chasen.mecab.Model	public static	org.chasen.mecab.Model	create	false	2			int,org.chasen.mecab.SWIGTYPE_p_p_char	arg0,arg1
MeCab.jar~00002~00019___00161			org.chasen.mecab.Model	public static	org.chasen.mecab.Model	create	false	1			java.lang.String	arg0
MeCab.jar~00002~00020___00162			org.chasen.mecab.Model	public	org.chasen.mecab.Tagger	createTagger	false	0				
MeCab.jar~00003~00001___00163			org.chasen.mecab.Lattice	public	void	set_theta	false	1			float	arg0
MeCab.jar~00003~00002___00164			org.chasen.mecab.Lattice	public	void	set_result	false	1			java.lang.String	arg0
MeCab.jar~00003~00003___00165			org.chasen.mecab.Lattice	public	void	set_sentence	false	1			java.lang.String	arg0
MeCab.jar~00003~00004___00166			org.chasen.mecab.Lattice	public	boolean	equals	false	1			java.lang.Object	arg0
MeCab.jar~00003~00005___00167			org.chasen.mecab.Lattice	public	java.lang.String	enumNBestAsString	false	1			long	arg0
MeCab.jar~00003~00006___00168			org.chasen.mecab.Lattice	public	double	Z	false	0				
MeCab.jar~00003~00007___00169			org.chasen.mecab.Lattice	public	int	request_type	false	0				
MeCab.jar~00003~00008___00170			org.chasen.mecab.Lattice	public	boolean	next	false	0				
MeCab.jar~00003~00009___00171			org.chasen.mecab.Lattice	public	void	set_request_type	false	1			int	arg0
MeCab.jar~00003~00010___00172			org.chasen.mecab.Lattice	public	org.chasen.mecab.Node	end_nodes	false	1			long	arg0
MeCab.jar~00003~00011___00173			org.chasen.mecab.Lattice	public	float	theta	false	0				
MeCab.jar~00003~00012___00174			org.chasen.mecab.Lattice	public synchronized	void	delete	false	0				
MeCab.jar~00003~00013___00175			org.chasen.mecab.Lattice	public	int	boundary_constraint	false	1			long	arg0
MeCab.jar~00003~00014___00176			org.chasen.mecab.Lattice	public	void	remove_request_type	false	1			int	arg0
MeCab.jar~00003~00015___00177			org.chasen.mecab.Lattice	public	long	size	false	0				
MeCab.jar~00003~00016___00178			org.chasen.mecab.Lattice	public	boolean	has_constraint	false	0				
MeCab.jar~00003~00017___00179			org.chasen.mecab.Lattice	public	void	set_boundary_constraint	false	2			long,int	arg0,arg1
MeCab.jar~00003~00018___00180			org.chasen.mecab.Lattice	public	java.lang.String	what	false	0				
MeCab.jar~00003~00019___00181			org.chasen.mecab.Lattice	public static	long	getCPtr	false	1			org.chasen.mecab.Lattice	arg0
MeCab.jar~00003~00020___00182			org.chasen.mecab.Lattice	public	void	set_Z	false	1			double	arg0
MeCab.jar~00003~00021___00183			org.chasen.mecab.Lattice	public native	int	hashCode	false	0				
MeCab.jar~00003~00022___00184			org.chasen.mecab.Lattice	public	boolean	has_request_type	false	1			int	arg0
MeCab.jar~00003~00023___00185			org.chasen.mecab.Lattice	public	java.lang.String	toString	false	0				
MeCab.jar~00003~00024___00186			org.chasen.mecab.Lattice	public	java.lang.String	toString	false	1			org.chasen.mecab.Node	arg0
MeCab.jar~00003~00025___00187			org.chasen.mecab.Lattice	public	org.chasen.mecab.Node	newNode	false	0				
MeCab.jar~00003~00026___00188			org.chasen.mecab.Lattice	public	java.lang.String	feature_constraint	false	1			long	arg0
MeCab.jar~00003~00027___00189			org.chasen.mecab.Lattice	public	void	set_feature_constraint	false	3			long,long,java.lang.String	arg0,arg1,arg2
MeCab.jar~00003~00028___00190			org.chasen.mecab.Lattice	public final native	void	notify	false	0				
MeCab.jar~00003~00029___00191			org.chasen.mecab.Lattice	public	java.lang.String	sentence	false	0				
MeCab.jar~00003~00030___00192			org.chasen.mecab.Lattice	public	void	set_what	false	1			java.lang.String	arg0
MeCab.jar~00003~00031___00193			org.chasen.mecab.Lattice	public	void	add_request_type	false	1			int	arg0
MeCab.jar~00003~00032___00194			org.chasen.mecab.Lattice	public	org.chasen.mecab.Node	begin_nodes	false	1			long	arg0
MeCab.jar~00003~00033___00195			org.chasen.mecab.Lattice	public final native	void	wait	false	1			long	arg0
MeCab.jar~00003~00034___00196			org.chasen.mecab.Lattice	public final	void	wait	false	2			long,int	arg0,arg1
MeCab.jar~00003~00035___00197			org.chasen.mecab.Lattice	public final	void	wait	false	0				
MeCab.jar~00003~00036___00198			org.chasen.mecab.Lattice	public	boolean	is_available	false	0				
MeCab.jar~00003~00037___00199			org.chasen.mecab.Lattice	public	org.chasen.mecab.Node	eos_node	false	0				
MeCab.jar~00003~00038___00200			org.chasen.mecab.Lattice	public final native	java.lang.Class<?>	getClass	false	0				
MeCab.jar~00003~00039___00201			org.chasen.mecab.Lattice	public	org.chasen.mecab.Node	bos_node	false	0				
MeCab.jar~00003~00040___00202			org.chasen.mecab.Lattice	public	void	clear	false	0				
MeCab.jar~00003~00041___00203			org.chasen.mecab.Lattice	public final native	void	notifyAll	false	0				
MeCab.jar~00004~00001___00204			org.chasen.mecab.Node	public	java.lang.String	toString	false	0				
MeCab.jar~00004~00002___00205			org.chasen.mecab.Node	public static	long	getCPtr	false	1			org.chasen.mecab.Node	arg0
MeCab.jar~00004~00003___00206			org.chasen.mecab.Node	public	int	getCost	false	0				
MeCab.jar~00004~00004___00207			org.chasen.mecab.Node	public	org.chasen.mecab.Path	getRpath	false	0				
MeCab.jar~00004~00005___00208			org.chasen.mecab.Node	public	int	getLength	false	0				
MeCab.jar~00004~00006___00209			org.chasen.mecab.Node	public	boolean	equals	false	1			java.lang.Object	arg0
MeCab.jar~00004~00007___00210			org.chasen.mecab.Node	public	java.lang.String	getSurface	false	0				
MeCab.jar~00004~00008___00211			org.chasen.mecab.Node	public	org.chasen.mecab.Node	getPrev	false	0				
MeCab.jar~00004~00009___00212			org.chasen.mecab.Node	public	java.lang.String	getFeature	false	0				
MeCab.jar~00004~00010___00213			org.chasen.mecab.Node	public	org.chasen.mecab.Node	getBnext	false	0				
MeCab.jar~00004~00011___00214			org.chasen.mecab.Node	public	org.chasen.mecab.Node	getNext	false	0				
MeCab.jar~00004~00012___00215			org.chasen.mecab.Node	public	short	getWcost	false	0				
MeCab.jar~00004~00013___00216			org.chasen.mecab.Node	public	org.chasen.mecab.Path	getLpath	false	0				
MeCab.jar~00004~00014___00217			org.chasen.mecab.Node	public native	int	hashCode	false	0				
MeCab.jar~00004~00015___00218			org.chasen.mecab.Node	public	short	getChar_type	false	0				
MeCab.jar~00004~00016___00219			org.chasen.mecab.Node	public	void	setProb	false	1			float	arg0
MeCab.jar~00004~00017___00220			org.chasen.mecab.Node	public	float	getBeta	false	0				
MeCab.jar~00004~00018___00221			org.chasen.mecab.Node	public	int	getPosid	false	0				
MeCab.jar~00004~00019___00222			org.chasen.mecab.Node	public final native	void	notify	false	0				
MeCab.jar~00004~00020___00223			org.chasen.mecab.Node	public	org.chasen.mecab.Node	getEnext	false	0				
MeCab.jar~00004~00021___00224			org.chasen.mecab.Node	public	short	getIsbest	false	0				
MeCab.jar~00004~00022___00225			org.chasen.mecab.Node	public	int	getRlength	false	0				
MeCab.jar~00004~00023___00226			org.chasen.mecab.Node	public final native	void	wait	false	1			long	arg0
MeCab.jar~00004~00024___00227			org.chasen.mecab.Node	public final	void	wait	false	2			long,int	arg0,arg1
MeCab.jar~00004~00025___00228			org.chasen.mecab.Node	public final	void	wait	false	0				
MeCab.jar~00004~00026___00229			org.chasen.mecab.Node	public synchronized	void	delete	false	0				
MeCab.jar~00004~00027___00230			org.chasen.mecab.Node	public	short	getStat	false	0				
MeCab.jar~00004~00028___00231			org.chasen.mecab.Node	public	float	getAlpha	false	0				
MeCab.jar~00004~00029___00232			org.chasen.mecab.Node	public	float	getProb	false	0				
MeCab.jar~00004~00030___00233			org.chasen.mecab.Node	public final native	java.lang.Class<?>	getClass	false	0				
MeCab.jar~00004~00031___00234			org.chasen.mecab.Node	public	int	getRcAttr	false	0				
MeCab.jar~00004~00032___00235			org.chasen.mecab.Node	public final native	void	notifyAll	false	0				
MeCab.jar~00004~00033___00236			org.chasen.mecab.Node	public	int	getLcAttr	false	0				
MeCab.jar~00004~00034___00237			org.chasen.mecab.Node	public	long	getId	false	0				
MeCab.jar~00005~00001___00238			org.chasen.mecab.SWIGTYPE_p_p_char	public	java.lang.String	toString	false	0				
MeCab.jar~00005~00002___00239			org.chasen.mecab.SWIGTYPE_p_p_char	public final native	void	notify	false	0				
MeCab.jar~00005~00003___00240			org.chasen.mecab.SWIGTYPE_p_p_char	public final native	void	wait	false	1			long	arg0
MeCab.jar~00005~00004___00241			org.chasen.mecab.SWIGTYPE_p_p_char	public final	void	wait	false	2			long,int	arg0,arg1
MeCab.jar~00005~00005___00242			org.chasen.mecab.SWIGTYPE_p_p_char	public final	void	wait	false	0				
MeCab.jar~00005~00006___00243			org.chasen.mecab.SWIGTYPE_p_p_char	public final native	java.lang.Class<?>	getClass	false	0				
MeCab.jar~00005~00007___00244			org.chasen.mecab.SWIGTYPE_p_p_char	public native	int	hashCode	false	0				
MeCab.jar~00005~00008___00245			org.chasen.mecab.SWIGTYPE_p_p_char	public	boolean	equals	false	1			java.lang.Object	arg0
MeCab.jar~00005~00009___00246			org.chasen.mecab.SWIGTYPE_p_p_char	public final native	void	notifyAll	false	0				
MeCab.jar~00006~00001___00247	org.chasen.mecab.MeCab	MECAB_UNK_DIC										
MeCab.jar~00006~00001___00266			org.chasen.mecab.MeCab	public	java.lang.String	toString	false	0				
MeCab.jar~00006~00002___00248	org.chasen.mecab.MeCab	MECAB_ALLOCATE_SENTENCE										
MeCab.jar~00006~00002___00267			org.chasen.mecab.MeCab	public final native	void	notify	false	0				
MeCab.jar~00006~00003___00249	org.chasen.mecab.MeCab	MECAB_EOS_NODE										
MeCab.jar~00006~00003___00268			org.chasen.mecab.MeCab	public final native	void	wait	false	1			long	arg0
MeCab.jar~00006~00004___00250	org.chasen.mecab.MeCab	MECAB_USR_DIC										
MeCab.jar~00006~00004___00269			org.chasen.mecab.MeCab	public final	void	wait	false	2			long,int	arg0,arg1
MeCab.jar~00006~00005___00251	org.chasen.mecab.MeCab	MECAB_UNK_NODE										
MeCab.jar~00006~00005___00270			org.chasen.mecab.MeCab	public final	void	wait	false	0				
MeCab.jar~00006~00006___00252	org.chasen.mecab.MeCab	MECAB_TOKEN_BOUNDARY										
MeCab.jar~00006~00006___00271			org.chasen.mecab.MeCab	public final native	java.lang.Class<?>	getClass	false	0				
MeCab.jar~00006~00007___00253	org.chasen.mecab.MeCab	MECAB_PARTIAL										
MeCab.jar~00006~00007___00272			org.chasen.mecab.MeCab	public native	int	hashCode	false	0				
MeCab.jar~00006~00008___00254	org.chasen.mecab.MeCab	MECAB_ALTERNATIVE										
MeCab.jar~00006~00008___00273			org.chasen.mecab.MeCab	public	boolean	equals	false	1			java.lang.Object	arg0
MeCab.jar~00006~00009___00255	org.chasen.mecab.MeCab	MECAB_BOS_NODE										
MeCab.jar~00006~00009___00274			org.chasen.mecab.MeCab	public final native	void	notifyAll	false	0				
MeCab.jar~00006~00010___00256	org.chasen.mecab.MeCab	MECAB_INSIDE_TOKEN										
MeCab.jar~00006~00011___00257	org.chasen.mecab.MeCab	MECAB_ONE_BEST										
MeCab.jar~00006~00012___00258	org.chasen.mecab.MeCab	MECAB_EON_NODE										
MeCab.jar~00006~00013___00259	org.chasen.mecab.MeCab	MECAB_NBEST										
MeCab.jar~00006~00014___00260	org.chasen.mecab.MeCab	MECAB_ANY_BOUNDARY										
MeCab.jar~00006~00015___00261	org.chasen.mecab.MeCab	MECAB_NOR_NODE										
MeCab.jar~00006~00016___00262	org.chasen.mecab.MeCab	MECAB_MARGINAL_PROB										
MeCab.jar~00006~00017___00263	org.chasen.mecab.MeCab	MECAB_ALL_MORPHS										
MeCab.jar~00006~00018___00264	org.chasen.mecab.MeCab	MECAB_SYS_DIC										
MeCab.jar~00006~00019___00265	org.chasen.mecab.MeCab	VERSION										
MeCab.jar~00007~00001___00275			org.chasen.mecab.DictionaryInfo	public	java.lang.String	toString	false	0				
MeCab.jar~00007~00002___00276			org.chasen.mecab.DictionaryInfo	public static	long	getCPtr	false	1			org.chasen.mecab.DictionaryInfo	arg0
MeCab.jar~00007~00003___00277			org.chasen.mecab.DictionaryInfo	public	int	getType	false	0				
MeCab.jar~00007~00004___00278			org.chasen.mecab.DictionaryInfo	public	long	getLsize	false	0				
MeCab.jar~00007~00005___00279			org.chasen.mecab.DictionaryInfo	public	long	getSize	false	0				
MeCab.jar~00007~00006___00280			org.chasen.mecab.DictionaryInfo	public native	int	hashCode	false	0				
MeCab.jar~00007~00007___00281			org.chasen.mecab.DictionaryInfo	public	java.lang.String	getFilename	false	0				
MeCab.jar~00007~00008___00282			org.chasen.mecab.DictionaryInfo	public	boolean	equals	false	1			java.lang.Object	arg0
MeCab.jar~00007~00009___00283			org.chasen.mecab.DictionaryInfo	public	java.lang.String	getCharset	false	0				
MeCab.jar~00007~00010___00284			org.chasen.mecab.DictionaryInfo	public synchronized	void	delete	false	0				
MeCab.jar~00007~00011___00285			org.chasen.mecab.DictionaryInfo	public final native	void	notify	false	0				
MeCab.jar~00007~00012___00286			org.chasen.mecab.DictionaryInfo	public	org.chasen.mecab.DictionaryInfo	getNext	false	0				
MeCab.jar~00007~00013___00287			org.chasen.mecab.DictionaryInfo	public final native	void	wait	false	1			long	arg0
MeCab.jar~00007~00014___00288			org.chasen.mecab.DictionaryInfo	public final	void	wait	false	2			long,int	arg0,arg1
MeCab.jar~00007~00015___00289			org.chasen.mecab.DictionaryInfo	public final	void	wait	false	0				
MeCab.jar~00007~00016___00290			org.chasen.mecab.DictionaryInfo	public	long	getRsize	false	0				
MeCab.jar~00007~00017___00291			org.chasen.mecab.DictionaryInfo	public final native	java.lang.Class<?>	getClass	false	0				
MeCab.jar~00007~00018___00292			org.chasen.mecab.DictionaryInfo	public final native	void	notifyAll	false	0				
MeCab.jar~00007~00019___00293			org.chasen.mecab.DictionaryInfo	public	int	getVersion	false	0				
MeCab.jar~00008~00001___00294	org.chasen.mecab.MeCabConstants	MECAB_UNK_DIC										
MeCab.jar~00008~00002___00295	org.chasen.mecab.MeCabConstants	MECAB_ALLOCATE_SENTENCE										
MeCab.jar~00008~00003___00296	org.chasen.mecab.MeCabConstants	MECAB_EOS_NODE										
MeCab.jar~00008~00004___00297	org.chasen.mecab.MeCabConstants	MECAB_USR_DIC										
MeCab.jar~00008~00005___00298	org.chasen.mecab.MeCabConstants	MECAB_UNK_NODE										
MeCab.jar~00008~00006___00299	org.chasen.mecab.MeCabConstants	MECAB_TOKEN_BOUNDARY										
MeCab.jar~00008~00007___00300	org.chasen.mecab.MeCabConstants	MECAB_PARTIAL										
MeCab.jar~00008~00008___00301	org.chasen.mecab.MeCabConstants	MECAB_ALTERNATIVE										
MeCab.jar~00008~00009___00302	org.chasen.mecab.MeCabConstants	MECAB_BOS_NODE										
MeCab.jar~00008~00010___00303	org.chasen.mecab.MeCabConstants	MECAB_INSIDE_TOKEN										
MeCab.jar~00008~00011___00304	org.chasen.mecab.MeCabConstants	MECAB_ONE_BEST										
MeCab.jar~00008~00012___00305	org.chasen.mecab.MeCabConstants	MECAB_EON_NODE										
MeCab.jar~00008~00013___00306	org.chasen.mecab.MeCabConstants	MECAB_NBEST										
MeCab.jar~00008~00014___00307	org.chasen.mecab.MeCabConstants	MECAB_ANY_BOUNDARY										
MeCab.jar~00008~00015___00308	org.chasen.mecab.MeCabConstants	MECAB_NOR_NODE										
MeCab.jar~00008~00016___00309	org.chasen.mecab.MeCabConstants	MECAB_MARGINAL_PROB										
MeCab.jar~00008~00017___00310	org.chasen.mecab.MeCabConstants	MECAB_ALL_MORPHS										
MeCab.jar~00008~00018___00311	org.chasen.mecab.MeCabConstants	MECAB_SYS_DIC										
MeCab.jar~00008~00019___00312	org.chasen.mecab.MeCabConstants	VERSION										
MeCab.jar~00009~00001___00313			org.chasen.mecab.Tagger	public	int	request_type	false	0				
MeCab.jar~00009~00002___00314			org.chasen.mecab.Tagger	public	java.lang.String	toString	false	0				
MeCab.jar~00009~00003___00315			org.chasen.mecab.Tagger	public	org.chasen.mecab.Node	parseToNode	false	1			java.lang.String	arg0
MeCab.jar~00009~00004___00316			org.chasen.mecab.Tagger	public	java.lang.String	next	false	0				
MeCab.jar~00009~00005___00317			org.chasen.mecab.Tagger	public	void	set_request_type	false	1			int	arg0
MeCab.jar~00009~00006___00318			org.chasen.mecab.Tagger	public	int	lattice_level	false	0				
MeCab.jar~00009~00007___00319			org.chasen.mecab.Tagger	public	float	theta	false	0				
MeCab.jar~00009~00008___00320			org.chasen.mecab.Tagger	public synchronized	void	delete	false	0				
MeCab.jar~00009~00009___00321			org.chasen.mecab.Tagger	public	boolean	equals	false	1			java.lang.Object	arg0
MeCab.jar~00009~00010___00322			org.chasen.mecab.Tagger	public	org.chasen.mecab.DictionaryInfo	dictionary_info	false	0				
MeCab.jar~00009~00011___00323			org.chasen.mecab.Tagger	public	void	set_theta	false	1			float	arg0
MeCab.jar~00009~00012___00324			org.chasen.mecab.Tagger	public	java.lang.String	parseToString	false	2			java.lang.String,long	arg0,arg1
MeCab.jar~00009~00013___00325			org.chasen.mecab.Tagger	public	java.lang.String	parseToString	false	1			java.lang.String	arg0
MeCab.jar~00009~00014___00326			org.chasen.mecab.Tagger	public	boolean	parseNBestInit	false	1			java.lang.String	arg0
MeCab.jar~00009~00015___00327			org.chasen.mecab.Tagger	public	java.lang.String	formatNode	false	1			org.chasen.mecab.Node	arg0
MeCab.jar~00009~00016___00328			org.chasen.mecab.Tagger	public	void	set_lattice_level	false	1			int	arg0
MeCab.jar~00009~00017___00329			org.chasen.mecab.Tagger	public static	org.chasen.mecab.Tagger	create	false	1			java.lang.String	arg0
MeCab.jar~00009~00018___00330			org.chasen.mecab.Tagger	public static	org.chasen.mecab.Tagger	create	false	2			int,org.chasen.mecab.SWIGTYPE_p_p_char	arg0,arg1
MeCab.jar~00009~00019___00331			org.chasen.mecab.Tagger	public	void	set_all_morphs	false	1			boolean	arg0
MeCab.jar~00009~00020___00332			org.chasen.mecab.Tagger	public	void	set_partial	false	1			boolean	arg0
MeCab.jar~00009~00021___00333			org.chasen.mecab.Tagger	public static	java.lang.String	version	false	0				
MeCab.jar~00009~00022___00334			org.chasen.mecab.Tagger	public native	int	hashCode	false	0				
MeCab.jar~00009~00023___00335			org.chasen.mecab.Tagger	public	boolean	parse	false	1			org.chasen.mecab.Lattice	arg0
MeCab.jar~00009~00024___00336			org.chasen.mecab.Tagger	public	java.lang.String	parse	false	1			java.lang.String	arg0
MeCab.jar~00009~00025___00337			org.chasen.mecab.Tagger	public static	boolean	parse	false	2			org.chasen.mecab.Model,org.chasen.mecab.Lattice	arg0,arg1
MeCab.jar~00009~00026___00338			org.chasen.mecab.Tagger	public	org.chasen.mecab.Node	nextNode	false	0				
MeCab.jar~00009~00027___00339			org.chasen.mecab.Tagger	public final native	void	notify	false	0				
MeCab.jar~00009~00028___00340			org.chasen.mecab.Tagger	public	java.lang.String	what	false	0				
MeCab.jar~00009~00029___00341			org.chasen.mecab.Tagger	public static	long	getCPtr	false	1			org.chasen.mecab.Tagger	arg0
MeCab.jar~00009~00030___00342			org.chasen.mecab.Tagger	public final native	void	wait	false	1			long	arg0
MeCab.jar~00009~00031___00343			org.chasen.mecab.Tagger	public final	void	wait	false	2			long,int	arg0,arg1
MeCab.jar~00009~00032___00344			org.chasen.mecab.Tagger	public final	void	wait	false	0				
MeCab.jar~00009~00033___00345			org.chasen.mecab.Tagger	public	boolean	partial	false	0				
MeCab.jar~00009~00034___00346			org.chasen.mecab.Tagger	public final native	java.lang.Class<?>	getClass	false	0				
MeCab.jar~00009~00035___00347			org.chasen.mecab.Tagger	public	java.lang.String	parseNBest	false	2			long,java.lang.String	arg0,arg1
MeCab.jar~00009~00036___00348			org.chasen.mecab.Tagger	public final native	void	notifyAll	false	0				
MeCab.jar~00009~00037___00349			org.chasen.mecab.Tagger	public	boolean	all_morphs	false	0				
MeCab.jar~00010~00001___00350			org.chasen.mecab.Path	public	java.lang.String	toString	false	0				
MeCab.jar~00010~00002___00351			org.chasen.mecab.Path	public static	long	getCPtr	false	1			org.chasen.mecab.Path	arg0
MeCab.jar~00010~00003___00352			org.chasen.mecab.Path	public	int	getCost	false	0				
MeCab.jar~00010~00004___00353			org.chasen.mecab.Path	public native	int	hashCode	false	0				
MeCab.jar~00010~00005___00354			org.chasen.mecab.Path	public	org.chasen.mecab.Node	getLnode	false	0				
MeCab.jar~00010~00006___00355			org.chasen.mecab.Path	public	boolean	equals	false	1			java.lang.Object	arg0
MeCab.jar~00010~00007___00356			org.chasen.mecab.Path	public	org.chasen.mecab.Path	getRnext	false	0				
MeCab.jar~00010~00008___00357			org.chasen.mecab.Path	public	void	setProb	false	1			float	arg0
MeCab.jar~00010~00009___00358			org.chasen.mecab.Path	public final native	void	notify	false	0				
MeCab.jar~00010~00010___00359			org.chasen.mecab.Path	public final native	void	wait	false	1			long	arg0
MeCab.jar~00010~00011___00360			org.chasen.mecab.Path	public final	void	wait	false	2			long,int	arg0,arg1
MeCab.jar~00010~00012___00361			org.chasen.mecab.Path	public final	void	wait	false	0				
MeCab.jar~00010~00013___00362			org.chasen.mecab.Path	public	float	getProb	false	0				
MeCab.jar~00010~00014___00363			org.chasen.mecab.Path	public synchronized	void	delete	false	0				
MeCab.jar~00010~00015___00364			org.chasen.mecab.Path	public final native	java.lang.Class<?>	getClass	false	0				
MeCab.jar~00010~00016___00365			org.chasen.mecab.Path	public	org.chasen.mecab.Path	getLnext	false	0				
MeCab.jar~00010~00017___00366			org.chasen.mecab.Path	public final native	void	notifyAll	false	0				
MeCab.jar~00010~00018___00367			org.chasen.mecab.Path	public	org.chasen.mecab.Node	getRnode	false	0				
