行番号	アクセス修飾子	クラス名	メソッド名	仮引数の変数名リスト	可変長引数があるか	型パラメータリスト	型パラメータ記号リスト	定数名	引数の個数	引数の型リスト	戻り値の型
00001-00001	public	org.chasen.mecab.Model	toString		false			N/A	0		java.lang.String
00001-00002	public	org.chasen.mecab.Model	swap	arg0	false			N/A	1	org.chasen.mecab.Model	boolean
00001-00003	public	org.chasen.mecab.Model	lookup	arg0,arg1,arg2	false			N/A	3	java.lang.String,org.chasen.mecab.Lattice	org.chasen.mecab.Node
00001-00004	public	org.chasen.mecab.Model	transition_cost	arg0,arg1	false			N/A	2	int	int
00001-00005	public	org.chasen.mecab.Model	version		false			N/A	0		java.lang.String
00001-00006	public	org.chasen.mecab.Model	delete		false			N/A	0		void
00001-00007	public	org.chasen.mecab.Model	hashCode		false			N/A	0		int
00001-00008	public	org.chasen.mecab.Model	equals	arg0	false			N/A	1	java.lang.Object	boolean
00001-00009	public	org.chasen.mecab.Model	dictionary_info		false			N/A	0		org.chasen.mecab.DictionaryInfo
00001-00010	public	org.chasen.mecab.Model	notify		false			N/A	0		void
00001-00011	public	org.chasen.mecab.Model	wait	arg0	false			N/A	1	long	void
00001-00012	public	org.chasen.mecab.Model	wait	arg0,arg1	false			N/A	2	int,long	void
00001-00013	public	org.chasen.mecab.Model	wait		false			N/A	0		void
00001-00014	public	org.chasen.mecab.Model	createLattice		false			N/A	0		org.chasen.mecab.Lattice
00001-00015	public	org.chasen.mecab.Model	getCPtr	arg0	false			N/A	1	org.chasen.mecab.Model	long
00001-00016	public	org.chasen.mecab.Model	getClass		false			N/A	0		java.lang.Class<?>
00001-00017	public	org.chasen.mecab.Model	notifyAll		false			N/A	0		void
00001-00018	public	org.chasen.mecab.Model	create	arg0	false			N/A	1	java.lang.String	org.chasen.mecab.Model
00001-00019	public	org.chasen.mecab.Model	create	arg0,arg1	false			N/A	2	int,org.chasen.mecab.SWIGTYPE_p_p_char	org.chasen.mecab.Model
00001-00020	public	org.chasen.mecab.Model	createTagger		false			N/A	0		org.chasen.mecab.Tagger
00002-00021	public	org.chasen.mecab.Node	toString		false			N/A	0		java.lang.String
00002-00022	public	org.chasen.mecab.Node	getCPtr	arg0	false			N/A	1	org.chasen.mecab.Node	long
00002-00023	public	org.chasen.mecab.Node	getCost		false			N/A	0		int
00002-00024	public	org.chasen.mecab.Node	getRpath		false			N/A	0		org.chasen.mecab.Path
00002-00025	public	org.chasen.mecab.Node	getLength		false			N/A	0		int
00002-00026	public	org.chasen.mecab.Node	equals	arg0	false			N/A	1	java.lang.Object	boolean
00002-00027	public	org.chasen.mecab.Node	getSurface		false			N/A	0		java.lang.String
00002-00028	public	org.chasen.mecab.Node	getPrev		false			N/A	0		org.chasen.mecab.Node
00002-00029	public	org.chasen.mecab.Node	getFeature		false			N/A	0		java.lang.String
00002-00030	public	org.chasen.mecab.Node	getBnext		false			N/A	0		org.chasen.mecab.Node
00002-00031	public	org.chasen.mecab.Node	getNext		false			N/A	0		org.chasen.mecab.Node
00002-00032	public	org.chasen.mecab.Node	getWcost		false			N/A	0		short
00002-00033	public	org.chasen.mecab.Node	getLpath		false			N/A	0		org.chasen.mecab.Path
00002-00034	public	org.chasen.mecab.Node	hashCode		false			N/A	0		int
00002-00035	public	org.chasen.mecab.Node	getChar_type		false			N/A	0		short
00002-00036	public	org.chasen.mecab.Node	setProb	arg0	false			N/A	1	float	void
00002-00037	public	org.chasen.mecab.Node	getBeta		false			N/A	0		float
00002-00038	public	org.chasen.mecab.Node	getPosid		false			N/A	0		int
00002-00039	public	org.chasen.mecab.Node	notify		false			N/A	0		void
00002-00040	public	org.chasen.mecab.Node	getEnext		false			N/A	0		org.chasen.mecab.Node
00002-00041	public	org.chasen.mecab.Node	getIsbest		false			N/A	0		short
00002-00042	public	org.chasen.mecab.Node	getRlength		false			N/A	0		int
00002-00043	public	org.chasen.mecab.Node	wait	arg0	false			N/A	1	long	void
00002-00044	public	org.chasen.mecab.Node	wait	arg0,arg1	false			N/A	2	int,long	void
00002-00045	public	org.chasen.mecab.Node	wait		false			N/A	0		void
00002-00046	public	org.chasen.mecab.Node	delete		false			N/A	0		void
00002-00047	public	org.chasen.mecab.Node	getStat		false			N/A	0		short
00002-00048	public	org.chasen.mecab.Node	getAlpha		false			N/A	0		float
00002-00049	public	org.chasen.mecab.Node	getProb		false			N/A	0		float
00002-00050	public	org.chasen.mecab.Node	getClass		false			N/A	0		java.lang.Class<?>
00002-00051	public	org.chasen.mecab.Node	getRcAttr		false			N/A	0		int
00002-00052	public	org.chasen.mecab.Node	notifyAll		false			N/A	0		void
00002-00053	public	org.chasen.mecab.Node	getLcAttr		false			N/A	0		int
00002-00054	public	org.chasen.mecab.Node	getId		false			N/A	0		long
00003-00055	N/A	org.chasen.mecab.MeCab	N/A	N/A	N/A	N/A	N/A	MECAB_UNK_DIC	N/A	N/A	N/A
00003-00056	N/A	org.chasen.mecab.MeCab	N/A	N/A	N/A	N/A	N/A	MECAB_ALLOCATE_SENTENCE	N/A	N/A	N/A
00003-00057	N/A	org.chasen.mecab.MeCab	N/A	N/A	N/A	N/A	N/A	MECAB_EOS_NODE	N/A	N/A	N/A
00003-00058	N/A	org.chasen.mecab.MeCab	N/A	N/A	N/A	N/A	N/A	MECAB_USR_DIC	N/A	N/A	N/A
00003-00059	N/A	org.chasen.mecab.MeCab	N/A	N/A	N/A	N/A	N/A	MECAB_UNK_NODE	N/A	N/A	N/A
00003-00060	N/A	org.chasen.mecab.MeCab	N/A	N/A	N/A	N/A	N/A	MECAB_TOKEN_BOUNDARY	N/A	N/A	N/A
00003-00061	N/A	org.chasen.mecab.MeCab	N/A	N/A	N/A	N/A	N/A	MECAB_PARTIAL	N/A	N/A	N/A
00003-00062	N/A	org.chasen.mecab.MeCab	N/A	N/A	N/A	N/A	N/A	MECAB_ALTERNATIVE	N/A	N/A	N/A
00003-00063	N/A	org.chasen.mecab.MeCab	N/A	N/A	N/A	N/A	N/A	MECAB_BOS_NODE	N/A	N/A	N/A
00003-00064	N/A	org.chasen.mecab.MeCab	N/A	N/A	N/A	N/A	N/A	MECAB_INSIDE_TOKEN	N/A	N/A	N/A
00003-00065	N/A	org.chasen.mecab.MeCab	N/A	N/A	N/A	N/A	N/A	MECAB_ONE_BEST	N/A	N/A	N/A
00003-00066	N/A	org.chasen.mecab.MeCab	N/A	N/A	N/A	N/A	N/A	MECAB_EON_NODE	N/A	N/A	N/A
00003-00067	N/A	org.chasen.mecab.MeCab	N/A	N/A	N/A	N/A	N/A	MECAB_NBEST	N/A	N/A	N/A
00003-00068	N/A	org.chasen.mecab.MeCab	N/A	N/A	N/A	N/A	N/A	MECAB_ANY_BOUNDARY	N/A	N/A	N/A
00003-00069	N/A	org.chasen.mecab.MeCab	N/A	N/A	N/A	N/A	N/A	MECAB_NOR_NODE	N/A	N/A	N/A
00003-00070	N/A	org.chasen.mecab.MeCab	N/A	N/A	N/A	N/A	N/A	MECAB_MARGINAL_PROB	N/A	N/A	N/A
00003-00071	N/A	org.chasen.mecab.MeCab	N/A	N/A	N/A	N/A	N/A	MECAB_ALL_MORPHS	N/A	N/A	N/A
00003-00072	N/A	org.chasen.mecab.MeCab	N/A	N/A	N/A	N/A	N/A	MECAB_SYS_DIC	N/A	N/A	N/A
00003-00073	N/A	org.chasen.mecab.MeCab	N/A	N/A	N/A	N/A	N/A	VERSION	N/A	N/A	N/A
00003-00074	public	org.chasen.mecab.MeCab	toString		false			N/A	0		java.lang.String
00003-00075	public	org.chasen.mecab.MeCab	notify		false			N/A	0		void
00003-00076	public	org.chasen.mecab.MeCab	wait	arg0	false			N/A	1	long	void
00003-00077	public	org.chasen.mecab.MeCab	wait	arg0,arg1	false			N/A	2	int,long	void
00003-00078	public	org.chasen.mecab.MeCab	wait		false			N/A	0		void
00003-00079	public	org.chasen.mecab.MeCab	getClass		false			N/A	0		java.lang.Class<?>
00003-00080	public	org.chasen.mecab.MeCab	hashCode		false			N/A	0		int
00003-00081	public	org.chasen.mecab.MeCab	equals	arg0	false			N/A	1	java.lang.Object	boolean
00003-00082	public	org.chasen.mecab.MeCab	notifyAll		false			N/A	0		void
00004-00083	public	org.chasen.mecab.DictionaryInfo	toString		false			N/A	0		java.lang.String
00004-00084	public	org.chasen.mecab.DictionaryInfo	getCPtr	arg0	false			N/A	1	org.chasen.mecab.DictionaryInfo	long
00004-00085	public	org.chasen.mecab.DictionaryInfo	getType		false			N/A	0		int
00004-00086	public	org.chasen.mecab.DictionaryInfo	getLsize		false			N/A	0		long
00004-00087	public	org.chasen.mecab.DictionaryInfo	getSize		false			N/A	0		long
00004-00088	public	org.chasen.mecab.DictionaryInfo	hashCode		false			N/A	0		int
00004-00089	public	org.chasen.mecab.DictionaryInfo	getFilename		false			N/A	0		java.lang.String
00004-00090	public	org.chasen.mecab.DictionaryInfo	equals	arg0	false			N/A	1	java.lang.Object	boolean
00004-00091	public	org.chasen.mecab.DictionaryInfo	getCharset		false			N/A	0		java.lang.String
00004-00092	public	org.chasen.mecab.DictionaryInfo	delete		false			N/A	0		void
00004-00093	public	org.chasen.mecab.DictionaryInfo	notify		false			N/A	0		void
00004-00094	public	org.chasen.mecab.DictionaryInfo	getNext		false			N/A	0		org.chasen.mecab.DictionaryInfo
00004-00095	public	org.chasen.mecab.DictionaryInfo	wait	arg0	false			N/A	1	long	void
00004-00096	public	org.chasen.mecab.DictionaryInfo	wait	arg0,arg1	false			N/A	2	int,long	void
00004-00097	public	org.chasen.mecab.DictionaryInfo	wait		false			N/A	0		void
00004-00098	public	org.chasen.mecab.DictionaryInfo	getRsize		false			N/A	0		long
00004-00099	public	org.chasen.mecab.DictionaryInfo	getClass		false			N/A	0		java.lang.Class<?>
00004-00100	public	org.chasen.mecab.DictionaryInfo	notifyAll		false			N/A	0		void
00004-00101	public	org.chasen.mecab.DictionaryInfo	getVersion		false			N/A	0		int
00005-00102	N/A	org.chasen.mecab.MeCabConstants	N/A	N/A	N/A	N/A	N/A	MECAB_UNK_DIC	N/A	N/A	N/A
00005-00103	N/A	org.chasen.mecab.MeCabConstants	N/A	N/A	N/A	N/A	N/A	MECAB_ALLOCATE_SENTENCE	N/A	N/A	N/A
00005-00104	N/A	org.chasen.mecab.MeCabConstants	N/A	N/A	N/A	N/A	N/A	MECAB_EOS_NODE	N/A	N/A	N/A
00005-00105	N/A	org.chasen.mecab.MeCabConstants	N/A	N/A	N/A	N/A	N/A	MECAB_USR_DIC	N/A	N/A	N/A
00005-00106	N/A	org.chasen.mecab.MeCabConstants	N/A	N/A	N/A	N/A	N/A	MECAB_UNK_NODE	N/A	N/A	N/A
00005-00107	N/A	org.chasen.mecab.MeCabConstants	N/A	N/A	N/A	N/A	N/A	MECAB_TOKEN_BOUNDARY	N/A	N/A	N/A
00005-00108	N/A	org.chasen.mecab.MeCabConstants	N/A	N/A	N/A	N/A	N/A	MECAB_PARTIAL	N/A	N/A	N/A
00005-00109	N/A	org.chasen.mecab.MeCabConstants	N/A	N/A	N/A	N/A	N/A	MECAB_ALTERNATIVE	N/A	N/A	N/A
00005-00110	N/A	org.chasen.mecab.MeCabConstants	N/A	N/A	N/A	N/A	N/A	MECAB_BOS_NODE	N/A	N/A	N/A
00005-00111	N/A	org.chasen.mecab.MeCabConstants	N/A	N/A	N/A	N/A	N/A	MECAB_INSIDE_TOKEN	N/A	N/A	N/A
00005-00112	N/A	org.chasen.mecab.MeCabConstants	N/A	N/A	N/A	N/A	N/A	MECAB_ONE_BEST	N/A	N/A	N/A
00005-00113	N/A	org.chasen.mecab.MeCabConstants	N/A	N/A	N/A	N/A	N/A	MECAB_EON_NODE	N/A	N/A	N/A
00005-00114	N/A	org.chasen.mecab.MeCabConstants	N/A	N/A	N/A	N/A	N/A	MECAB_NBEST	N/A	N/A	N/A
00005-00115	N/A	org.chasen.mecab.MeCabConstants	N/A	N/A	N/A	N/A	N/A	MECAB_ANY_BOUNDARY	N/A	N/A	N/A
00005-00116	N/A	org.chasen.mecab.MeCabConstants	N/A	N/A	N/A	N/A	N/A	MECAB_NOR_NODE	N/A	N/A	N/A
00005-00117	N/A	org.chasen.mecab.MeCabConstants	N/A	N/A	N/A	N/A	N/A	MECAB_MARGINAL_PROB	N/A	N/A	N/A
00005-00118	N/A	org.chasen.mecab.MeCabConstants	N/A	N/A	N/A	N/A	N/A	MECAB_ALL_MORPHS	N/A	N/A	N/A
00005-00119	N/A	org.chasen.mecab.MeCabConstants	N/A	N/A	N/A	N/A	N/A	MECAB_SYS_DIC	N/A	N/A	N/A
00005-00120	N/A	org.chasen.mecab.MeCabConstants	N/A	N/A	N/A	N/A	N/A	VERSION	N/A	N/A	N/A
00006-00121	public	org.chasen.mecab.Path	toString		false			N/A	0		java.lang.String
00006-00122	public	org.chasen.mecab.Path	getCPtr	arg0	false			N/A	1	org.chasen.mecab.Path	long
00006-00123	public	org.chasen.mecab.Path	getCost		false			N/A	0		int
00006-00124	public	org.chasen.mecab.Path	hashCode		false			N/A	0		int
00006-00125	public	org.chasen.mecab.Path	getLnode		false			N/A	0		org.chasen.mecab.Node
00006-00126	public	org.chasen.mecab.Path	equals	arg0	false			N/A	1	java.lang.Object	boolean
00006-00127	public	org.chasen.mecab.Path	getRnext		false			N/A	0		org.chasen.mecab.Path
00006-00128	public	org.chasen.mecab.Path	setProb	arg0	false			N/A	1	float	void
00006-00129	public	org.chasen.mecab.Path	notify		false			N/A	0		void
00006-00130	public	org.chasen.mecab.Path	wait	arg0	false			N/A	1	long	void
00006-00131	public	org.chasen.mecab.Path	wait	arg0,arg1	false			N/A	2	int,long	void
00006-00132	public	org.chasen.mecab.Path	wait		false			N/A	0		void
00006-00133	public	org.chasen.mecab.Path	getProb		false			N/A	0		float
00006-00134	public	org.chasen.mecab.Path	delete		false			N/A	0		void
00006-00135	public	org.chasen.mecab.Path	getClass		false			N/A	0		java.lang.Class<?>
00006-00136	public	org.chasen.mecab.Path	getLnext		false			N/A	0		org.chasen.mecab.Path
00006-00137	public	org.chasen.mecab.Path	notifyAll		false			N/A	0		void
00006-00138	public	org.chasen.mecab.Path	getRnode		false			N/A	0		org.chasen.mecab.Node
00007-00139	public	org.chasen.mecab.Tagger	request_type		false			N/A	0		int
00007-00140	public	org.chasen.mecab.Tagger	toString		false			N/A	0		java.lang.String
00007-00141	public	org.chasen.mecab.Tagger	parseToNode	arg0	false			N/A	1	java.lang.String	org.chasen.mecab.Node
00007-00142	public	org.chasen.mecab.Tagger	next		false			N/A	0		java.lang.String
00007-00143	public	org.chasen.mecab.Tagger	set_request_type	arg0	false			N/A	1	int	void
00007-00144	public	org.chasen.mecab.Tagger	lattice_level		false			N/A	0		int
00007-00145	public	org.chasen.mecab.Tagger	theta		false			N/A	0		float
00007-00146	public	org.chasen.mecab.Tagger	delete		false			N/A	0		void
00007-00147	public	org.chasen.mecab.Tagger	equals	arg0	false			N/A	1	java.lang.Object	boolean
00007-00148	public	org.chasen.mecab.Tagger	dictionary_info		false			N/A	0		org.chasen.mecab.DictionaryInfo
00007-00149	public	org.chasen.mecab.Tagger	set_theta	arg0	false			N/A	1	float	void
00007-00150	public	org.chasen.mecab.Tagger	parseToString	arg0	false			N/A	1	java.lang.String	java.lang.String
00007-00151	public	org.chasen.mecab.Tagger	parseToString	arg0,arg1	false			N/A	2	java.lang.String,long	java.lang.String
00007-00152	public	org.chasen.mecab.Tagger	parseNBestInit	arg0	false			N/A	1	java.lang.String	boolean
00007-00153	public	org.chasen.mecab.Tagger	formatNode	arg0	false			N/A	1	org.chasen.mecab.Node	java.lang.String
00007-00154	public	org.chasen.mecab.Tagger	set_lattice_level	arg0	false			N/A	1	int	void
00007-00155	public	org.chasen.mecab.Tagger	create	arg0,arg1	false			N/A	2	int,org.chasen.mecab.SWIGTYPE_p_p_char	org.chasen.mecab.Tagger
00007-00156	public	org.chasen.mecab.Tagger	create	arg0	false			N/A	1	java.lang.String	org.chasen.mecab.Tagger
00007-00157	public	org.chasen.mecab.Tagger	set_all_morphs	arg0	false			N/A	1	boolean	void
00007-00158	public	org.chasen.mecab.Tagger	set_partial	arg0	false			N/A	1	boolean	void
00007-00159	public	org.chasen.mecab.Tagger	version		false			N/A	0		java.lang.String
00007-00160	public	org.chasen.mecab.Tagger	hashCode		false			N/A	0		int
00007-00161	public	org.chasen.mecab.Tagger	parse	arg0	false			N/A	1	java.lang.String	java.lang.String
00007-00162	public	org.chasen.mecab.Tagger	parse	arg0	false			N/A	1	org.chasen.mecab.Lattice	boolean
00007-00163	public	org.chasen.mecab.Tagger	parse	arg0,arg1	false			N/A	2	org.chasen.mecab.Lattice,org.chasen.mecab.Model	boolean
00007-00164	public	org.chasen.mecab.Tagger	nextNode		false			N/A	0		org.chasen.mecab.Node
00007-00165	public	org.chasen.mecab.Tagger	notify		false			N/A	0		void
00007-00166	public	org.chasen.mecab.Tagger	what		false			N/A	0		java.lang.String
00007-00167	public	org.chasen.mecab.Tagger	getCPtr	arg0	false			N/A	1	org.chasen.mecab.Tagger	long
00007-00168	public	org.chasen.mecab.Tagger	wait	arg0	false			N/A	1	long	void
00007-00169	public	org.chasen.mecab.Tagger	wait	arg0,arg1	false			N/A	2	int,long	void
00007-00170	public	org.chasen.mecab.Tagger	wait		false			N/A	0		void
00007-00171	public	org.chasen.mecab.Tagger	partial		false			N/A	0		boolean
00007-00172	public	org.chasen.mecab.Tagger	getClass		false			N/A	0		java.lang.Class<?>
00007-00173	public	org.chasen.mecab.Tagger	parseNBest	arg0,arg1	false			N/A	2	java.lang.String,long	java.lang.String
00007-00174	public	org.chasen.mecab.Tagger	notifyAll		false			N/A	0		void
00007-00175	public	org.chasen.mecab.Tagger	all_morphs		false			N/A	0		boolean
00008-00176	public	org.chasen.mecab.SWIGTYPE_p_p_char	toString		false			N/A	0		java.lang.String
00008-00177	public	org.chasen.mecab.SWIGTYPE_p_p_char	notify		false			N/A	0		void
00008-00178	public	org.chasen.mecab.SWIGTYPE_p_p_char	wait	arg0	false			N/A	1	long	void
00008-00179	public	org.chasen.mecab.SWIGTYPE_p_p_char	wait	arg0,arg1	false			N/A	2	int,long	void
00008-00180	public	org.chasen.mecab.SWIGTYPE_p_p_char	wait		false			N/A	0		void
00008-00181	public	org.chasen.mecab.SWIGTYPE_p_p_char	getClass		false			N/A	0		java.lang.Class<?>
00008-00182	public	org.chasen.mecab.SWIGTYPE_p_p_char	hashCode		false			N/A	0		int
00008-00183	public	org.chasen.mecab.SWIGTYPE_p_p_char	equals	arg0	false			N/A	1	java.lang.Object	boolean
00008-00184	public	org.chasen.mecab.SWIGTYPE_p_p_char	notifyAll		false			N/A	0		void
00009-00185	public	org.chasen.mecab.Lattice	set_theta	arg0	false			N/A	1	float	void
00009-00186	public	org.chasen.mecab.Lattice	set_result	arg0	false			N/A	1	java.lang.String	void
00009-00187	public	org.chasen.mecab.Lattice	set_sentence	arg0	false			N/A	1	java.lang.String	void
00009-00188	public	org.chasen.mecab.Lattice	equals	arg0	false			N/A	1	java.lang.Object	boolean
00009-00189	public	org.chasen.mecab.Lattice	enumNBestAsString	arg0	false			N/A	1	long	java.lang.String
00009-00190	public	org.chasen.mecab.Lattice	Z		false			N/A	0		double
00009-00191	public	org.chasen.mecab.Lattice	request_type		false			N/A	0		int
00009-00192	public	org.chasen.mecab.Lattice	next		false			N/A	0		boolean
00009-00193	public	org.chasen.mecab.Lattice	set_request_type	arg0	false			N/A	1	int	void
00009-00194	public	org.chasen.mecab.Lattice	end_nodes	arg0	false			N/A	1	long	org.chasen.mecab.Node
00009-00195	public	org.chasen.mecab.Lattice	theta		false			N/A	0		float
00009-00196	public	org.chasen.mecab.Lattice	delete		false			N/A	0		void
00009-00197	public	org.chasen.mecab.Lattice	boundary_constraint	arg0	false			N/A	1	long	int
00009-00198	public	org.chasen.mecab.Lattice	remove_request_type	arg0	false			N/A	1	int	void
00009-00199	public	org.chasen.mecab.Lattice	size		false			N/A	0		long
00009-00200	public	org.chasen.mecab.Lattice	has_constraint		false			N/A	0		boolean
00009-00201	public	org.chasen.mecab.Lattice	set_boundary_constraint	arg0,arg1	false			N/A	2	int,long	void
00009-00202	public	org.chasen.mecab.Lattice	what		false			N/A	0		java.lang.String
00009-00203	public	org.chasen.mecab.Lattice	getCPtr	arg0	false			N/A	1	org.chasen.mecab.Lattice	long
00009-00204	public	org.chasen.mecab.Lattice	set_Z	arg0	false			N/A	1	double	void
00009-00205	public	org.chasen.mecab.Lattice	hashCode		false			N/A	0		int
00009-00206	public	org.chasen.mecab.Lattice	has_request_type	arg0	false			N/A	1	int	boolean
00009-00207	public	org.chasen.mecab.Lattice	toString		false			N/A	0		java.lang.String
00009-00208	public	org.chasen.mecab.Lattice	toString	arg0	false			N/A	1	org.chasen.mecab.Node	java.lang.String
00009-00209	public	org.chasen.mecab.Lattice	newNode		false			N/A	0		org.chasen.mecab.Node
00009-00210	public	org.chasen.mecab.Lattice	feature_constraint	arg0	false			N/A	1	long	java.lang.String
00009-00211	public	org.chasen.mecab.Lattice	set_feature_constraint	arg0,arg1,arg2	false			N/A	3	java.lang.String,long	void
00009-00212	public	org.chasen.mecab.Lattice	notify		false			N/A	0		void
00009-00213	public	org.chasen.mecab.Lattice	sentence		false			N/A	0		java.lang.String
00009-00214	public	org.chasen.mecab.Lattice	set_what	arg0	false			N/A	1	java.lang.String	void
00009-00215	public	org.chasen.mecab.Lattice	add_request_type	arg0	false			N/A	1	int	void
00009-00216	public	org.chasen.mecab.Lattice	begin_nodes	arg0	false			N/A	1	long	org.chasen.mecab.Node
00009-00217	public	org.chasen.mecab.Lattice	wait	arg0	false			N/A	1	long	void
00009-00218	public	org.chasen.mecab.Lattice	wait	arg0,arg1	false			N/A	2	int,long	void
00009-00219	public	org.chasen.mecab.Lattice	wait		false			N/A	0		void
00009-00220	public	org.chasen.mecab.Lattice	is_available		false			N/A	0		boolean
00009-00221	public	org.chasen.mecab.Lattice	eos_node		false			N/A	0		org.chasen.mecab.Node
00009-00222	public	org.chasen.mecab.Lattice	getClass		false			N/A	0		java.lang.Class<?>
00009-00223	public	org.chasen.mecab.Lattice	bos_node		false			N/A	0		org.chasen.mecab.Node
00009-00224	public	org.chasen.mecab.Lattice	clear		false			N/A	0		void
00009-00225	public	org.chasen.mecab.Lattice	notifyAll		false			N/A	0		void
00010-00226	public	org.chasen.mecab.MeCabJNI	MECAB_PARTIAL_get		false			N/A	0		int
00010-00227	public	org.chasen.mecab.MeCabJNI	Lattice_begin_nodes	arg0,arg1,arg2	false			N/A	3	long,org.chasen.mecab.Lattice	long
00010-00228	public	org.chasen.mecab.MeCabJNI	Tagger_partial	arg0,arg1	false			N/A	2	long,org.chasen.mecab.Tagger	boolean
00010-00229	public	org.chasen.mecab.MeCabJNI	new_Tagger__SWIG_0	arg0	false			N/A	1	java.lang.String	long
00010-00230	public	org.chasen.mecab.MeCabJNI	new_Tagger__SWIG_1		false			N/A	0		long
00010-00231	public	org.chasen.mecab.MeCabJNI	DictionaryInfo_size_get	arg0,arg1	false			N/A	2	long,org.chasen.mecab.DictionaryInfo	long
00010-00232	public	org.chasen.mecab.MeCabJNI	delete_Model	arg0	false			N/A	1	long	void
00010-00233	public	org.chasen.mecab.MeCabJNI	Node_prev_get	arg0,arg1	false			N/A	2	long,org.chasen.mecab.Node	long
00010-00234	public	org.chasen.mecab.MeCabJNI	Node_lpath_get	arg0,arg1	false			N/A	2	long,org.chasen.mecab.Node	long
00010-00235	public	org.chasen.mecab.MeCabJNI	Model_createTagger	arg0,arg1	false			N/A	2	long,org.chasen.mecab.Model	long
00010-00236	public	org.chasen.mecab.MeCabJNI	Node_char_type_get	arg0,arg1	false			N/A	2	long,org.chasen.mecab.Node	short
00010-00237	public	org.chasen.mecab.MeCabJNI	Lattice_end_nodes	arg0,arg1,arg2	false			N/A	3	long,org.chasen.mecab.Lattice	long
00010-00238	public	org.chasen.mecab.MeCabJNI	Lattice_theta	arg0,arg1	false			N/A	2	long,org.chasen.mecab.Lattice	float
00010-00239	public	org.chasen.mecab.MeCabJNI	Lattice_set_feature_constraint	arg0,arg1,arg2,arg3,arg4	false			N/A	5	java.lang.String,long,org.chasen.mecab.Lattice	void
00010-00240	public	org.chasen.mecab.MeCabJNI	Tagger_parseToNode	arg0,arg1,arg2	false			N/A	3	java.lang.String,long,org.chasen.mecab.Tagger	long
00010-00241	public	org.chasen.mecab.MeCabJNI	Lattice_set_result	arg0,arg1,arg2	false			N/A	3	java.lang.String,long,org.chasen.mecab.Lattice	void
00010-00242	public	org.chasen.mecab.MeCabJNI	MECAB_SYS_DIC_get		false			N/A	0		int
00010-00243	public	org.chasen.mecab.MeCabJNI	Lattice_set_Z	arg0,arg1,arg2	false			N/A	3	double,long,org.chasen.mecab.Lattice	void
00010-00244	public	org.chasen.mecab.MeCabJNI	Lattice_is_available	arg0,arg1	false			N/A	2	long,org.chasen.mecab.Lattice	boolean
00010-00245	public	org.chasen.mecab.MeCabJNI	Tagger_dictionary_info	arg0,arg1	false			N/A	2	long,org.chasen.mecab.Tagger	long
00010-00246	public	org.chasen.mecab.MeCabJNI	Lattice_enumNBestAsString	arg0,arg1,arg2	false			N/A	3	long,org.chasen.mecab.Lattice	java.lang.String
00010-00247	public	org.chasen.mecab.MeCabJNI	Lattice_set_what	arg0,arg1,arg2	false			N/A	3	java.lang.String,long,org.chasen.mecab.Lattice	void
00010-00248	public	org.chasen.mecab.MeCabJNI	DictionaryInfo_lsize_get	arg0,arg1	false			N/A	2	long,org.chasen.mecab.DictionaryInfo	long
00010-00249	public	org.chasen.mecab.MeCabJNI	Tagger_parseNBestInit	arg0,arg1,arg2	false			N/A	3	java.lang.String,long,org.chasen.mecab.Tagger	boolean
00010-00250	public	org.chasen.mecab.MeCabJNI	Lattice_eos_node	arg0,arg1	false			N/A	2	long,org.chasen.mecab.Lattice	long
00010-00251	public	org.chasen.mecab.MeCabJNI	Node_stat_get	arg0,arg1	false			N/A	2	long,org.chasen.mecab.Node	short
00010-00252	public	org.chasen.mecab.MeCabJNI	MECAB_INSIDE_TOKEN_get		false			N/A	0		int
00010-00253	public	org.chasen.mecab.MeCabJNI	hashCode		false			N/A	0		int
00010-00254	public	org.chasen.mecab.MeCabJNI	Node_prob_set	arg0,arg1,arg2	false			N/A	3	float,long,org.chasen.mecab.Node	void
00010-00255	public	org.chasen.mecab.MeCabJNI	DictionaryInfo_charset_get	arg0,arg1	false			N/A	2	long,org.chasen.mecab.DictionaryInfo	java.lang.String
00010-00256	public	org.chasen.mecab.MeCabJNI	Node_prob_get	arg0,arg1	false			N/A	2	long,org.chasen.mecab.Node	float
00010-00257	public	org.chasen.mecab.MeCabJNI	Model_swap	arg0,arg1,arg2,arg3	false			N/A	4	long,org.chasen.mecab.Model	boolean
00010-00258	public	org.chasen.mecab.MeCabJNI	Tagger_set_all_morphs	arg0,arg1,arg2	false			N/A	3	boolean,long,org.chasen.mecab.Tagger	void
00010-00259	public	org.chasen.mecab.MeCabJNI	delete_Tagger	arg0	false			N/A	1	long	void
00010-00260	public	org.chasen.mecab.MeCabJNI	Path_cost_get	arg0,arg1	false			N/A	2	long,org.chasen.mecab.Path	int
00010-00261	public	org.chasen.mecab.MeCabJNI	notifyAll		false			N/A	0		void
00010-00262	public	org.chasen.mecab.MeCabJNI	Node_rlength_get	arg0,arg1	false			N/A	2	long,org.chasen.mecab.Node	int
00010-00263	public	org.chasen.mecab.MeCabJNI	Lattice_feature_constraint	arg0,arg1,arg2	false			N/A	3	long,org.chasen.mecab.Lattice	java.lang.String
00010-00264	public	org.chasen.mecab.MeCabJNI	MECAB_ALL_MORPHS_get		false			N/A	0		int
00010-00265	public	org.chasen.mecab.MeCabJNI	VERSION_get		false			N/A	0		java.lang.String
00010-00266	public	org.chasen.mecab.MeCabJNI	MECAB_ONE_BEST_get		false			N/A	0		int
00010-00267	public	org.chasen.mecab.MeCabJNI	Lattice_boundary_constraint	arg0,arg1,arg2	false			N/A	3	long,org.chasen.mecab.Lattice	int
00010-00268	public	org.chasen.mecab.MeCabJNI	new_Model__SWIG_0	arg0	false			N/A	1	java.lang.String	long
00010-00269	public	org.chasen.mecab.MeCabJNI	new_Model__SWIG_1		false			N/A	0		long
00010-00270	public	org.chasen.mecab.MeCabJNI	Node_cost_get	arg0,arg1	false			N/A	2	long,org.chasen.mecab.Node	int
00010-00271	public	org.chasen.mecab.MeCabJNI	Node_isbest_get	arg0,arg1	false			N/A	2	long,org.chasen.mecab.Node	short
00010-00272	public	org.chasen.mecab.MeCabJNI	Lattice_set_theta	arg0,arg1,arg2	false			N/A	3	float,long,org.chasen.mecab.Lattice	void
00010-00273	public	org.chasen.mecab.MeCabJNI	Model_dictionary_info	arg0,arg1	false			N/A	2	long,org.chasen.mecab.Model	long
00010-00274	public	org.chasen.mecab.MeCabJNI	DictionaryInfo_filename_get	arg0,arg1	false			N/A	2	long,org.chasen.mecab.DictionaryInfo	java.lang.String
00010-00275	public	org.chasen.mecab.MeCabJNI	Lattice_next	arg0,arg1	false			N/A	2	long,org.chasen.mecab.Lattice	boolean
00010-00276	public	org.chasen.mecab.MeCabJNI	Tagger_formatNode	arg0,arg1,arg2,arg3	false			N/A	4	long,org.chasen.mecab.Node,org.chasen.mecab.Tagger	java.lang.String
00010-00277	public	org.chasen.mecab.MeCabJNI	Model_lookup	arg0,arg1,arg2,arg3,arg4,arg5	false			N/A	6	java.lang.String,long,org.chasen.mecab.Lattice,org.chasen.mecab.Model	long
00010-00278	public	org.chasen.mecab.MeCabJNI	Node_beta_get	arg0,arg1	false			N/A	2	long,org.chasen.mecab.Node	float
00010-00279	public	org.chasen.mecab.MeCabJNI	MECAB_UNK_NODE_get		false			N/A	0		int
00010-00280	public	org.chasen.mecab.MeCabJNI	Lattice_Z	arg0,arg1	false			N/A	2	long,org.chasen.mecab.Lattice	double
00010-00281	public	org.chasen.mecab.MeCabJNI	MECAB_EOS_NODE_get		false			N/A	0		int
00010-00282	public	org.chasen.mecab.MeCabJNI	Tagger_lattice_level	arg0,arg1	false			N/A	2	long,org.chasen.mecab.Tagger	int
00010-00283	public	org.chasen.mecab.MeCabJNI	Model_transition_cost	arg0,arg1,arg2,arg3	false			N/A	4	int,long,org.chasen.mecab.Model	int
00010-00284	public	org.chasen.mecab.MeCabJNI	Tagger_parse__SWIG_2	arg0,arg1,arg2	false			N/A	3	java.lang.String,long,org.chasen.mecab.Tagger	java.lang.String
00010-00285	public	org.chasen.mecab.MeCabJNI	Tagger_all_morphs	arg0,arg1	false			N/A	2	long,org.chasen.mecab.Tagger	boolean
00010-00286	public	org.chasen.mecab.MeCabJNI	Lattice_set_boundary_constraint	arg0,arg1,arg2,arg3	false			N/A	4	int,long,org.chasen.mecab.Lattice	void
00010-00287	public	org.chasen.mecab.MeCabJNI	Tagger_parse__SWIG_1	arg0,arg1,arg2,arg3	false			N/A	4	long,org.chasen.mecab.Lattice,org.chasen.mecab.Tagger	boolean
00010-00288	public	org.chasen.mecab.MeCabJNI	Tagger_parse__SWIG_0	arg0,arg1,arg2,arg3	false			N/A	4	long,org.chasen.mecab.Lattice,org.chasen.mecab.Model	boolean
00010-00289	public	org.chasen.mecab.MeCabJNI	Node_next_get	arg0,arg1	false			N/A	2	long,org.chasen.mecab.Node	long
00010-00290	public	org.chasen.mecab.MeCabJNI	Lattice_what	arg0,arg1	false			N/A	2	long,org.chasen.mecab.Lattice	java.lang.String
00010-00291	public	org.chasen.mecab.MeCabJNI	Path_prob_set	arg0,arg1,arg2	false			N/A	3	float,long,org.chasen.mecab.Path	void
00010-00292	public	org.chasen.mecab.MeCabJNI	MECAB_ANY_BOUNDARY_get		false			N/A	0		int
00010-00293	public	org.chasen.mecab.MeCabJNI	Node_surface_get	arg0,arg1	false			N/A	2	long,org.chasen.mecab.Node	java.lang.String
00010-00294	public	org.chasen.mecab.MeCabJNI	Tagger_set_request_type	arg0,arg1,arg2	false			N/A	3	int,long,org.chasen.mecab.Tagger	void
00010-00295	public	org.chasen.mecab.MeCabJNI	DictionaryInfo_type_get	arg0,arg1	false			N/A	2	long,org.chasen.mecab.DictionaryInfo	int
00010-00296	public	org.chasen.mecab.MeCabJNI	MECAB_NOR_NODE_get		false			N/A	0		int
00010-00297	public	org.chasen.mecab.MeCabJNI	new_DictionaryInfo		false			N/A	0		long
00010-00298	public	org.chasen.mecab.MeCabJNI	Path_prob_get	arg0,arg1	false			N/A	2	long,org.chasen.mecab.Path	float
00010-00299	public	org.chasen.mecab.MeCabJNI	Path_rnext_get	arg0,arg1	false			N/A	2	long,org.chasen.mecab.Path	long
00010-00300	public	org.chasen.mecab.MeCabJNI	DictionaryInfo_version_get	arg0,arg1	false			N/A	2	long,org.chasen.mecab.DictionaryInfo	int
00010-00301	public	org.chasen.mecab.MeCabJNI	DictionaryInfo_next_get	arg0,arg1	false			N/A	2	long,org.chasen.mecab.DictionaryInfo	long
00010-00302	public	org.chasen.mecab.MeCabJNI	Tagger_create__SWIG_0	arg0,arg1	false			N/A	2	int,long	long
00010-00303	public	org.chasen.mecab.MeCabJNI	Tagger_create__SWIG_1	arg0	false			N/A	1	java.lang.String	long
00010-00304	public	org.chasen.mecab.MeCabJNI	getClass		false			N/A	0		java.lang.Class<?>
00010-00305	public	org.chasen.mecab.MeCabJNI	Model_createLattice	arg0,arg1	false			N/A	2	long,org.chasen.mecab.Model	long
00010-00306	public	org.chasen.mecab.MeCabJNI	Tagger_set_lattice_level	arg0,arg1,arg2	false			N/A	3	int,long,org.chasen.mecab.Tagger	void
00010-00307	public	org.chasen.mecab.MeCabJNI	toString		false			N/A	0		java.lang.String
00010-00308	public	org.chasen.mecab.MeCabJNI	Lattice_remove_request_type	arg0,arg1,arg2	false			N/A	3	int,long,org.chasen.mecab.Lattice	void
00010-00309	public	org.chasen.mecab.MeCabJNI	Tagger_parseNBest	arg0,arg1,arg2,arg3	false			N/A	4	java.lang.String,long,org.chasen.mecab.Tagger	java.lang.String
00010-00310	public	org.chasen.mecab.MeCabJNI	MECAB_BOS_NODE_get		false			N/A	0		int
00010-00311	public	org.chasen.mecab.MeCabJNI	Node_alpha_get	arg0,arg1	false			N/A	2	long,org.chasen.mecab.Node	float
00010-00312	public	org.chasen.mecab.MeCabJNI	Path_lnode_get	arg0,arg1	false			N/A	2	long,org.chasen.mecab.Path	long
00010-00313	public	org.chasen.mecab.MeCabJNI	equals	arg0	false			N/A	1	java.lang.Object	boolean
00010-00314	public	org.chasen.mecab.MeCabJNI	DictionaryInfo_rsize_get	arg0,arg1	false			N/A	2	long,org.chasen.mecab.DictionaryInfo	long
00010-00315	public	org.chasen.mecab.MeCabJNI	Node_length_get	arg0,arg1	false			N/A	2	long,org.chasen.mecab.Node	int
00010-00316	public	org.chasen.mecab.MeCabJNI	new_Lattice		false			N/A	0		long
00010-00317	public	org.chasen.mecab.MeCabJNI	Node_bnext_get	arg0,arg1	false			N/A	2	long,org.chasen.mecab.Node	long
00010-00318	public	org.chasen.mecab.MeCabJNI	Tagger_parseToString__SWIG_1	arg0,arg1,arg2	false			N/A	3	java.lang.String,long,org.chasen.mecab.Tagger	java.lang.String
00010-00319	public	org.chasen.mecab.MeCabJNI	Tagger_parseToString__SWIG_0	arg0,arg1,arg2,arg3	false			N/A	4	java.lang.String,long,org.chasen.mecab.Tagger	java.lang.String
00010-00320	public	org.chasen.mecab.MeCabJNI	Tagger_nextNode	arg0,arg1	false			N/A	2	long,org.chasen.mecab.Tagger	long
00010-00321	public	org.chasen.mecab.MeCabJNI	Lattice_size	arg0,arg1	false			N/A	2	long,org.chasen.mecab.Lattice	long
00010-00322	public	org.chasen.mecab.MeCabJNI	Tagger_version		false			N/A	0		java.lang.String
00010-00323	public	org.chasen.mecab.MeCabJNI	Lattice_newNode	arg0,arg1	false			N/A	2	long,org.chasen.mecab.Lattice	long
00010-00324	public	org.chasen.mecab.MeCabJNI	MECAB_USR_DIC_get		false			N/A	0		int
00010-00325	public	org.chasen.mecab.MeCabJNI	Lattice_set_request_type	arg0,arg1,arg2	false			N/A	3	int,long,org.chasen.mecab.Lattice	void
00010-00326	public	org.chasen.mecab.MeCabJNI	Lattice_set_sentence	arg0,arg1,arg2	false			N/A	3	java.lang.String,long,org.chasen.mecab.Lattice	void
00010-00327	public	org.chasen.mecab.MeCabJNI	MECAB_EON_NODE_get		false			N/A	0		int
00010-00328	public	org.chasen.mecab.MeCabJNI	Lattice_request_type	arg0,arg1	false			N/A	2	long,org.chasen.mecab.Lattice	int
00010-00329	public	org.chasen.mecab.MeCabJNI	notify		false			N/A	0		void
00010-00330	public	org.chasen.mecab.MeCabJNI	wait	arg0	false			N/A	1	long	void
00010-00331	public	org.chasen.mecab.MeCabJNI	wait	arg0,arg1	false			N/A	2	int,long	void
00010-00332	public	org.chasen.mecab.MeCabJNI	wait		false			N/A	0		void
00010-00333	public	org.chasen.mecab.MeCabJNI	delete_Lattice	arg0	false			N/A	1	long	void
00010-00334	public	org.chasen.mecab.MeCabJNI	Lattice_bos_node	arg0,arg1	false			N/A	2	long,org.chasen.mecab.Lattice	long
00010-00335	public	org.chasen.mecab.MeCabJNI	MECAB_ALLOCATE_SENTENCE_get		false			N/A	0		int
00010-00336	public	org.chasen.mecab.MeCabJNI	Node_posid_get	arg0,arg1	false			N/A	2	long,org.chasen.mecab.Node	int
00010-00337	public	org.chasen.mecab.MeCabJNI	Tagger_next	arg0,arg1	false			N/A	2	long,org.chasen.mecab.Tagger	java.lang.String
00010-00338	public	org.chasen.mecab.MeCabJNI	Tagger_request_type	arg0,arg1	false			N/A	2	long,org.chasen.mecab.Tagger	int
00010-00339	public	org.chasen.mecab.MeCabJNI	Model_create__SWIG_1	arg0	false			N/A	1	java.lang.String	long
00010-00340	public	org.chasen.mecab.MeCabJNI	Model_create__SWIG_0	arg0,arg1	false			N/A	2	int,long	long
00010-00341	public	org.chasen.mecab.MeCabJNI	Lattice_clear	arg0,arg1	false			N/A	2	long,org.chasen.mecab.Lattice	void
00010-00342	public	org.chasen.mecab.MeCabJNI	Node_enext_get	arg0,arg1	false			N/A	2	long,org.chasen.mecab.Node	long
00010-00343	public	org.chasen.mecab.MeCabJNI	Node_wcost_get	arg0,arg1	false			N/A	2	long,org.chasen.mecab.Node	short
00010-00344	public	org.chasen.mecab.MeCabJNI	MECAB_TOKEN_BOUNDARY_get		false			N/A	0		int
00010-00345	public	org.chasen.mecab.MeCabJNI	Tagger_set_theta	arg0,arg1,arg2	false			N/A	3	float,long,org.chasen.mecab.Tagger	void
00010-00346	public	org.chasen.mecab.MeCabJNI	Lattice_has_request_type	arg0,arg1,arg2	false			N/A	3	int,long,org.chasen.mecab.Lattice	boolean
00010-00347	public	org.chasen.mecab.MeCabJNI	Node_lcAttr_get	arg0,arg1	false			N/A	2	long,org.chasen.mecab.Node	int
00010-00348	public	org.chasen.mecab.MeCabJNI	Node_rcAttr_get	arg0,arg1	false			N/A	2	long,org.chasen.mecab.Node	int
00010-00349	public	org.chasen.mecab.MeCabJNI	Lattice_add_request_type	arg0,arg1,arg2	false			N/A	3	int,long,org.chasen.mecab.Lattice	void
00010-00350	public	org.chasen.mecab.MeCabJNI	Lattice_sentence	arg0,arg1	false			N/A	2	long,org.chasen.mecab.Lattice	java.lang.String
00010-00351	public	org.chasen.mecab.MeCabJNI	Tagger_theta	arg0,arg1	false			N/A	2	long,org.chasen.mecab.Tagger	float
00010-00352	public	org.chasen.mecab.MeCabJNI	Lattice_has_constraint	arg0,arg1	false			N/A	2	long,org.chasen.mecab.Lattice	boolean
00010-00353	public	org.chasen.mecab.MeCabJNI	Node_feature_get	arg0,arg1	false			N/A	2	long,org.chasen.mecab.Node	java.lang.String
00010-00354	public	org.chasen.mecab.MeCabJNI	MECAB_ALTERNATIVE_get		false			N/A	0		int
00010-00355	public	org.chasen.mecab.MeCabJNI	MECAB_NBEST_get		false			N/A	0		int
00010-00356	public	org.chasen.mecab.MeCabJNI	MECAB_MARGINAL_PROB_get		false			N/A	0		int
00010-00357	public	org.chasen.mecab.MeCabJNI	Lattice_toString__SWIG_0	arg0,arg1	false			N/A	2	long,org.chasen.mecab.Lattice	java.lang.String
00010-00358	public	org.chasen.mecab.MeCabJNI	Lattice_toString__SWIG_1	arg0,arg1,arg2,arg3	false			N/A	4	long,org.chasen.mecab.Lattice,org.chasen.mecab.Node	java.lang.String
00010-00359	public	org.chasen.mecab.MeCabJNI	Path_rnode_get	arg0,arg1	false			N/A	2	long,org.chasen.mecab.Path	long
00010-00360	public	org.chasen.mecab.MeCabJNI	Path_lnext_get	arg0,arg1	false			N/A	2	long,org.chasen.mecab.Path	long
00010-00361	public	org.chasen.mecab.MeCabJNI	Tagger_what	arg0,arg1	false			N/A	2	long,org.chasen.mecab.Tagger	java.lang.String
00010-00362	public	org.chasen.mecab.MeCabJNI	Node_rpath_get	arg0,arg1	false			N/A	2	long,org.chasen.mecab.Node	long
00010-00363	public	org.chasen.mecab.MeCabJNI	Tagger_set_partial	arg0,arg1,arg2	false			N/A	3	boolean,long,org.chasen.mecab.Tagger	void
00010-00364	public	org.chasen.mecab.MeCabJNI	Model_version		false			N/A	0		java.lang.String
00010-00365	public	org.chasen.mecab.MeCabJNI	Node_id_get	arg0,arg1	false			N/A	2	long,org.chasen.mecab.Node	long
00010-00366	public	org.chasen.mecab.MeCabJNI	delete_DictionaryInfo	arg0	false			N/A	1	long	void
00010-00367	public	org.chasen.mecab.MeCabJNI	MECAB_UNK_DIC_get		false			N/A	0		int
